District,party,white,black,latino,asian,native,other,college,college.rank,white.college,white.college.rank,income.med,income.rank,pop,white.raw,black.raw,hisp.raw,asian.raw,native.raw,other.raw,pop.vap,white.vap,black.vap,hisp.vap,asian.vap,native.vap,other.vap
Alabama 1st,Republican,68.48500236,25.63456007,2.501027235,1.340832797,1.070650531,0.967927,23.9,308,27.3,306,44535,358,682423,449539,187508,19086,9296,7644,9350,515948,353347,132261,12904,6918,5524,4994
Alabama 2nd,Republican,66.53220793,27.84194692,3.043395934,1.158869782,0.453487416,0.970092017,21.4,349,24.4,353,42395,381,686078,438782,201723,24648,7900,3072,9953,522837,347855,145568,15912,6059,2371,5072
Alabama 3rd,Republican,71.45856297,23.92598776,2.250893538,1.144645173,0.325704276,0.894206284,20.8,356,22.6,381,42171,387,680857,473473,170355,17932,7923,2117,9057,523481,374072,125248,11783,5992,1705,4681
Alabama 4th,Republican,86.87785584,6.54485579,4.333107521,0.454631813,0.742686838,1.046862196,16.1,415,16.9,429,39608,406,681487,578453,46163,38837,3200,5218,9616,521081,452704,34104,22579,2369,3870,5455
Alabama 5th,Republican,76.12138893,16.27268539,3.920631492,1.602243638,0.693585481,1.389465071,31.3,161,32.7,216,51531,253,683019,506307,114887,32572,11051,4753,13449,523079,398175,85119,20508,8381,3628,7268
Alabama 6th,Republican,80.76647239,12.52587932,4.105508356,1.556528547,0.272566474,0.773044915,35.3,115,37,158,61524,144,682422,537110,91612,33409,10985,1830,7476,517305,417809,64797,21238,8052,1410,3999
Alabama 7th,Democratic,35.67957734,60.20120486,2.561761526,0.739572072,0.199027402,0.618856796,19.5,384,29.1,272,33928,431,683450,220738,432189,19118,4558,1273,5574,523546,186799,315181,13412,3872,1042,3240
Alaska At-Large,Republican,68.3612353,3.077333067,4.656932291,6.165402578,13.23918495,4.499911808,29.7,200,36.6,164,73355,68,708570,454831,21862,39038,44357,102124,46358,521588,356564,16051,24290,32158,69054,23471
Arizona 1st,Democratic,56.24218614,2.127667722,18.05348941,1.757580283,20.52080282,1.298273627,23.2,318,33.2,207,48892,301,710224,361485,14687,147846,11190,162087,12929,522309,293758,11113,94295,9180,107182,6781
Arizona 2nd,Republican,69.24525125,3.473162658,21.74268968,2.988972722,0.877560672,1.672363019,33,141,38.8,141,48095,311,710224,457249,25861,183537,20664,6472,16441,558252,386563,19389,121379,16686,4899,9336
Arizona 3rd,Democratic,34.55699025,3.905830921,55.17104208,2.093248926,3.074277288,1.198610528,15.6,418,25.9,326,42953,373,710224,206608,27375,430398,12954,22441,10448,497743,172005,19441,274610,10419,15302,5966
Arizona 4th,Republican,79.73446349,1.459965527,14.52183118,1.197376627,1.823563984,1.262799187,18.6,397,20.1,411,46467,340,710224,538609,11065,127216,8356,12667,12311,556383,443629,8123,80797,6662,10146,7026
Arizona 5th,Republican,76.81886681,2.75683653,13.9656843,4.354674886,0.79677469,1.307162784,35.1,117,36.1,171,69784,87,710224,518678,20369,118907,31210,6041,15019,512943,394037,14141,71636,22337,4087,6705
Arizona 6th,Republican,79.17554736,2.254523292,12.27194207,3.594290392,1.384305791,1.3193911,42,59,45.4,85,63495,124,710224,534954,16932,107938,25771,11141,13488,554574,439087,12503,68057,19933,7677,7317
Arizona 7th,Democratic,26.68712368,8.991319119,58.1597965,2.777713381,2.053147478,1.330899848,13.8,427,27.1,309,35243,427,710224,148948,61376,457064,17438,13930,11468,474491,126628,42663,275963,13180,9742,6315
Arizona 8th,Republican,76.10745634,3.569764625,15.10948769,3.228722116,0.674444175,1.310125049,27.7,232,29,276,60858,153,710225,509305,27059,131226,23104,5003,14528,536590,408385,19155,81076,17325,3619,7030
Arizona 9th,Democratic,64.36081773,4.678944477,22.44605416,4.510494472,2.283534467,1.720154697,36.9,100,43.6,96,51435,254,710224,419811,34377,191017,30781,17644,16594,549718,353803,25721,123390,24795,12553,9456
Arkansas 1st,Republican,79.54352712,16.38883012,2.252528376,0.534154999,0.403419026,0.877540355,15.4,420,17.1,428,36882,421,728765,561127,131685,20302,3816,2841,8994,553023,439894,90634,12457,2954,2231,4853
Arkansas 2nd,Republican,73.40234714,19.55712425,4.030823198,1.440005491,0.431170736,1.138529179,29,214,31.2,240,47118,327,729192,512941,155352,35048,10421,3117,12313,553609,406362,108270,22315,7972,2387,6303
Arkansas 3rd,Republican,81.8476855,2.41071445,9.973486938,2.878429216,1.257202531,1.632481361,26.5,253,28.3,293,46740,336,728959,569478,18752,92851,22190,9591,16097,541997,443612,13066,54056,15601,6814,8848
Arkansas 4th,Republican,75.39194767,18.33652985,4.006016401,0.617832584,0.619631747,1.028041755,15.9,416,17.5,427,37728,418,729002,529923,141313,37849,4729,4634,10554,555814,419039,101917,22266,3434,3444,5714
California 10th,Republican,51.82481461,3.293597002,34.84769955,6.867674029,0.601227972,2.564986843,17.9,403,22.5,385,56368,194,704763,327195,22872,282246,46451,3772,22227,501640,259974,16522,174810,34451,3016,12867
California 11th,Democratic,52.29908931,8.834426452,22.11670824,13.67140859,0.264323089,2.81404433,43,52,55.9,31,79622,46,703454,340992,62761,180136,90522,1750,27293,536843,280764,47427,118732,73394,1419,15107
California 12th,Democratic,46.282901,5.600679877,13.51824808,31.49444263,0.245348233,2.858380181,56.6,9,75.2,3,93122,19,704634,309837,41248,103420,223176,1649,25304,614229,284283,34401,83033,193448,1507,17557
California 13th,Democratic,37.37507474,18.96052219,17.96307765,22.05126562,0.297720737,3.352339056,47.5,29,70.8,6,66046,108,702076,240266,134641,146220,148205,2015,30729,561936,210024,106546,100941,123914,1673,18838
California 14th,Democratic,39.3485149,3.432291723,21.99611248,32.38999505,0.168001648,2.6650842,44.9,39,52.9,42,98129,10,702860,259361,22764,171572,221935,1118,26110,553566,217820,19000,121763,179300,930,14753
California 15th,Democratic,41.00775164,6.454118346,21.01471898,28.06029986,0.281168381,3.181942784,43.6,47,47.8,68,100634,9,703021,264503,45726,164646,196110,1912,30124,525308,215417,33904,110392,147403,1477,16715
California 16th,Democratic,30.23511816,6.054877616,52.85437964,8.517393647,0.669050712,1.66918022,12.1,431,21.6,399,39211,410,703467,176602,40783,408115,60491,4226,13250,478738,144747,28987,253034,40776,3203,7991
California 17th,Democratic,29.9507232,2.375375325,15.62836726,49.32427545,0.175074509,2.546184247,55.1,11,50.4,52,111024,3,705190,188718,16705,122990,350699,1365,24713,539199,161494,12808,84268,265956,944,13729
California 18th,Democratic,61.13976148,1.956103082,14.97820295,19.2297821,0.220647837,2.475502551,61.1,3,64.1,14,120089,1,701054,406641,13065,119163,134007,1444,26734,541587,331125,10594,81120,104146,1195,13407
California 19th,Democratic,30.42599344,3.016726347,37.16179542,27.00151325,0.290951355,2.103020179,34.2,130,46.5,76,85536,30,700886,189148,19865,290200,181245,1917,18511,521393,158639,15729,193759,140784,1517,10965
California 1st,Republican,82.11055693,1.342829507,9.923789247,2.314962417,1.755315029,2.552546873,24.2,298,25.6,332,46091,344,704304,556527,9075,84890,17617,13263,22932,555171,455854,7455,55094,12852,9745,14171
California 20th,Democratic,44.88033903,2.240083806,44.37902957,6.012285129,0.381886577,2.106375887,26.1,262,42.5,102,61507,145,704856,276231,13944,356892,37633,2460,17696,525025,235633,11761,233001,31566,2005,11059
California 21st,Republican,23.22958077,5.269613794,65.89761833,3.821947857,0.572774929,1.208464317,9.1,434,18.2,423,37970,415,700644,134972,31296,497434,23677,3702,9563,473659,110029,24960,312130,18103,2713,5724
California 22nd,Republican,47.97722943,2.777816726,39.41302898,7.448106225,0.621343199,1.762475438,23.5,312,31.4,237,53886,223,704840,298022,19708,316151,51311,4125,15523,499241,239522,13868,196766,37184,3102,8799
California 23rd,Republican,55.67974421,5.66455162,30.84711093,4.756968235,0.932606472,2.119018539,20.5,364,24.1,360,59341,163,701673,355329,41191,248938,31516,6304,18395,503535,280367,28523,155326,23953,4696,10670
California 24th,Democratic,62.01688725,1.95505171,28.98676502,4.477110002,0.490344977,2.073841036,33.6,133,44.2,91,63199,127,703683,402081,12497,239822,28931,3282,17070,553080,343003,10813,160320,24762,2712,11470
California 25th,Republican,50.34527978,7.591571387,31.50406464,8.067090901,0.33700901,2.154984286,27,244,32.4,221,75732,62,701281,321359,56375,247883,53335,2151,20178,501767,252616,38092,158077,40478,1691,10813
California 26th,Democratic,50.91855697,1.758235882,38.37388964,6.900970792,0.308063706,1.740283006,32.4,149,43.3,98,77744,51,707145,326988,11594,304625,45590,2001,16347,523593,266606,9206,200923,36133,1613,9112
California 27th,Democratic,31.27694823,4.521936086,24.35565765,37.98229512,0.151178476,1.711984428,41.8,60,54.2,36,71343,78,704160,205453,31301,190005,259948,1052,16401,558942,174820,25275,136134,212299,845,9569
California 28th,Democratic,58.1292184,2.473079499,23.01234822,13.55728442,0.167448091,2.660621361,45.1,37,48.8,61,61405,147,700877,389271,16269,178368,94498,1080,21391,582270,338469,14400,133994,78940,975,15492
California 29th,Democratic,21.73200126,3.960287808,64.13312095,8.522973495,0.21042933,1.441187149,19.7,380,34.1,193,47608,316,701446,128951,25537,482104,52695,1330,10829,512286,111330,20288,328545,43662,1078,7383
California 2nd,Democratic,76.24658726,1.672401939,14.09848549,3.589131914,1.876489833,2.516903566,40.7,70,45.6,82,65414,111,701504,510654,11090,116747,24899,14751,23363,554173,422538,9268,78130,19890,10399,13948
California 30th,Democratic,56.62348755,4.200983905,23.99952109,12.2594964,0.181913378,2.734597673,42.7,54,49.9,56,75853,61,705295,376090,29570,190750,84259,1214,23412,559607,316869,23509,134303,68605,1018,15303
California 31st,Democratic,34.4479737,10.99443744,44.27622863,7.952586551,0.346762222,1.98201146,22.2,337,31.7,232,54453,217,704230,209488,76800,347395,51105,2154,17288,501208,172656,55105,221916,39859,1738,9934
California 32nd,Democratic,21.1537614,2.739067203,57.78406685,16.9036565,0.217285919,1.202162129,20.2,369,28.6,284,61756,141,709057,128699,17992,443630,107252,1396,10088,521893,110400,14295,301571,88219,1134,6274
California 33rd,Democratic,70.08617246,2.781380273,10.34615039,13.74571293,0.162772159,2.877811779,62.4,2,65.9,10,97074,12,697199,476364,19387,78838,94476,1101,27033,568279,398285,15806,58795,78114,925,16354
California 34th,Democratic,10.9025474,5.053872784,60.52440992,22.06163187,0.207637581,1.249900441,24.1,300,55.5,32,38326,412,705324,64935,31020,461664,137158,1362,9185,539883,58861,27285,326761,119107,1121,6748
California 35th,Democratic,19.09562349,7.180576318,64.9649982,7.199958761,0.273416155,1.285427084,14.9,423,24.3,355,56215,197,699719,110455,46303,487449,43584,1692,10236,484975,92609,34824,315064,34918,1326,6234
California 36th,Democratic,51.90463324,3.505736224,39.45874269,3.110227092,0.697698037,1.322962716,19.6,382,28.6,284,46471,338,700371,310748,25061,326871,20622,5052,12017,521859,270869,18295,205919,16231,3641,6904
California 37th,Democratic,27.2387156,24.82206309,34.33432257,10.62958398,0.172062911,2.803251844,37.7,94,65.5,11,51114,262,705221,172925,172513,271274,65280,1174,22055,553286,150708,137337,189967,58812,952,15510
California 38th,Democratic,21.94854614,3.527600531,57.23713896,15.74735904,0.265112271,1.274243055,22.3,334,24.9,344,62697,129,695463,131697,24637,427083,99713,1649,10684,516385,113339,18216,295564,81317,1369,6580
California 39th,Republican,37.35192242,2.359253271,28.5462296,29.7817328,0.192034434,1.768827478,41.1,66,40.6,124,81183,39,696460,239399,15997,224194,199446,1257,16167,530634,198202,12519,151476,158032,1019,9386
California 3rd,Democratic,55.0789397,6.00242657,23.56343841,11.16679142,0.887393076,3.301010817,24.9,285,28.5,289,57401,179,702044,356604,40957,194579,73565,6199,30140,525021,289176,31514,123713,58628,4659,17331
California 40th,Democratic,6.68237104,5.494928128,84.22295751,2.842463678,0.16282662,0.594453026,9.5,433,19.1,419,42497,379,703827,38003,35859,608058,16299,997,4611,478423,31970,26289,402942,13599,779,2844
California 41st,Democratic,30.86497542,9.646885138,50.29862951,6.905896531,0.387229383,1.896384024,17,410,28.3,293,58592,169,701109,182700,66182,392728,41005,2459,16035,490407,151364,47309,246668,33867,1899,9300
California 42nd,Republican,50.76077945,5.33549648,32.10920709,9.313260605,0.430839949,2.050416426,24.1,300,26.3,319,72536,71,709841,330416,36689,256739,62490,2857,20650,502971,255312,26836,161500,46843,2167,10313
California 43rd,Democratic,17.65525941,24.20271936,41.68376441,14.12674575,0.210749372,2.120761697,24,304,40.9,120,50885,265,703742,105987,165892,324296,88512,1349,17706,520049,91816,125866,216776,73466,1096,11029
California 44th,Democratic,8.981109465,18.01249246,64.4750828,7.136583944,0.207865653,1.186865681,13.4,429,29.4,267,49037,299,702899,50147,117907,480731,43546,1254,9314,487334,43768,87781,314209,34779,1013,5784
California 45th,Republican,58.33200105,1.492851729,16.35027188,20.97948528,0.183197377,2.662192688,54.7,12,54,39,93374,18,692013,384853,10010,128724,142173,1217,25036,531667,310132,7937,86929,111541,974,14154
California 46th,Democratic,22.54432584,1.918821966,60.7969638,13.3146872,0.211353674,1.213847528,16.8,414,29.2,270,57583,175,708237,131037,12165,470745,83387,1368,9535,504841,113813,9687,306928,67218,1067,6128
California 47th,Democratic,38.51524616,7.283641446,29.60541002,22.06177251,0.300514927,2.233414934,30.2,185,40.8,122,59744,159,701770,239094,51309,239436,149779,1928,20224,533085,205319,38828,157822,117608,1602,11906
California 48th,Republican,61.48555904,0.975964081,17.01955311,18.145419,0.226276969,2.147227796,44.3,44,51.2,50,83001,34,712874,415230,6680,140691,127786,1515,20972,561701,345365,5482,95599,101923,1271,12061
California 49th,Republican,65.38140476,2.365957981,22.11379351,7.561055789,0.366408605,2.211379351,43.5,48,50.4,52,81611,37,713732,438171,16596,182877,50892,2465,22731,541472,354022,12811,119740,40941,1984,11974
California 4th,Republican,81.01293298,1.218801101,10.4013803,4.034772436,1.027133316,2.304979868,32,155,33.1,208,70582,81,701728,548837,8267,86784,28965,7314,21561,543649,440426,6626,56547,21935,5584,12531
California 50th,Republican,63.31026431,2.312599375,25.74641483,5.500848766,0.94881288,2.181059844,27.7,232,33.1,208,66103,107,700614,410047,16301,210423,36142,6908,20793,520756,329692,12043,134076,28646,4941,11358
California 51st,Democratic,17.59961069,7.431573511,63.86346482,9.09108966,0.470146586,1.544114726,13.6,428,23.3,373,41085,398,702436,101085,47932,480634,57218,3132,12435,503460,88607,37415,321527,45770,2367,7774
California 52nd,Democratic,64.70889363,2.890997205,11.56648598,17.7571227,0.283962707,2.792537774,57.5,8,60.5,20,84479,31,697659,433164,20283,90611,124125,1958,27518,560637,362782,16208,64846,99553,1592,15656
California 53rd,Democratic,48.14593039,7.483665876,27.58214673,13.50550086,0.358728136,2.92402801,36.7,102,45.4,85,66917,100,699221,302484,54751,221120,91477,2356,27033,546096,262923,40868,150625,73753,1959,15968
California 5th,Democratic,57.75985732,6.214902976,21.49194219,11.29135122,0.61911471,2.622831591,30.3,183,37,158,67197,96,706154,373331,45269,181046,77273,4349,24886,547233,316081,34010,117611,61790,3388,14353
California 6th,Democratic,43.69832271,12.14434221,23.34109552,16.42385021,0.644460272,3.747929069,26.6,250,36.6,164,49523,287,702413,272613,88367,189643,113647,4236,33907,520901,227625,63260,121584,85552,3357,19523
California 7th,Democratic,61.4308334,7.034742403,13.63204184,14.06239217,0.535973071,3.304017114,33.4,136,35.3,183,70131,84,698200,400468,51089,112087,99245,3575,31736,521668,320465,36698,71114,73359,2796,17236
California 8th,Republican,55.95114366,7.056718739,30.2837127,3.480359877,1.064517665,2.163547361,17.4,407,20.4,407,46468,339,704301,352877,53306,249040,22288,6914,19876,504172,282090,35578,152682,17547,5367,10908
California 9th,Democratic,42.00022883,8.072334865,32.60508689,14.1624664,0.493794449,2.666088566,19.1,393,23.1,374,57509,178,702985,259204,58406,261012,96447,3180,24736,498183,209238,40215,162433,70555,2460,13282
Colorado 1st,Democratic,62.20429677,8.008938985,24.15253256,3.306890319,0.577116554,1.75022481,46.7,33,61.2,19,60576,154,717603,406873,60035,207066,23415,4076,16138,561585,349330,44977,135637,18571,3241,9829
Colorado 2nd,Democratic,86.71234273,0.714669891,8.075101857,2.794524497,0.362607965,1.340753057,54.6,15,57.1,27,72468,72,720579,608657,5200,70134,20592,2680,13316,568934,493336,4066,45942,15899,2063,7628
Colorado 3rd,Republican,75.45176966,0.702803384,20.68645319,0.736122819,1.243379355,1.179471587,30.2,185,35.8,177,50010,282,718598,516568,4920,172177,5136,9245,10552,549229,414403,3860,113616,4043,6829,6478
Colorado 4th,Republican,77.15778462,1.329485628,18.14005879,1.713108782,0.551529999,1.108032182,34,132,38.5,146,72390,73,717241,529742,8734,151566,12288,3597,11314,522909,403465,6952,94856,8958,2884,5794
Colorado 5th,Republican,77.08857005,5.198346495,12.02610017,2.754977199,0.680866051,2.251140029,34.8,122,38.6,143,58882,166,719812,530955,37995,102871,19021,4759,24211,539460,415862,28043,64876,14862,3673,12144
Colorado 6th,Republican,67.34061903,8.416666027,16.71456858,5.311931605,0.410779656,1.805435108,41.1,66,48.1,65,74430,65,719715,455014,62231,141923,37602,2812,20133,521204,350982,43868,87117,27686,2141,9410
Colorado 7th,Democratic,70.91599323,1.303987295,22.65883842,3.225078017,0.576567839,1.319535192,32.1,153,38.8,141,62330,132,715648,472984,9663,192950,23171,4075,12805,540266,383135,7045,122418,17424,3115,7129
Connecticut 1st,Democratic,68.84851238,12.93826936,12.50601862,4.189507154,0.141358165,1.376334318,36.7,102,41.4,116,69959,85,711905,463950,97473,104464,31262,1058,13698,550375,378925,71209,68830,23058,778,7575
Connecticut 2nd,Democratic,86.03623082,3.663465765,5.653337717,2.857939296,0.378997702,1.410028697,34.9,120,36.9,161,71670,77,712938,600037,25834,48295,20733,2930,15109,559634,481488,20502,31638,15994,2121,7891
Connecticut 3rd,Democratic,72.48319409,11.56392101,10.58120328,3.799226813,0.156305166,1.416149641,35.9,110,38.6,143,63315,126,716978,493119,90043,90729,27822,1127,14138,563641,408545,65179,59640,21414,881,7982
Connecticut 4th,Democratic,66.78766219,10.88623934,16.21781432,4.632089057,0.091212965,1.38498213,48.6,26,59.5,23,89085,24,717177,465506,79783,124345,33266,735,13542,536108,358054,58362,86945,24833,489,7425
Connecticut 5th,Democratic,76.65222062,5.620802304,13.13554677,2.907966762,0.14159803,1.541865513,35.6,112,40.6,124,68810,91,715099,523650,41986,111254,21966,1035,15208,547324,419536,30764,71894,15916,775,8439
Delaware At-Large,Democratic,69.00569081,19.50159571,6.665424196,3.155876672,0.324776175,1.346636443,30.9,170,32.8,215,61255,150,897934,586752,186782,73221,28546,2824,19809,692169,477636,134984,46136,21844,2248,9321
Florida 10th,Democratic,44.1161705,24.96369431,22.97847049,5.406902601,0.227163001,2.307599093,,,,,,,694368,282252,186708,168629,35871,1551,19357,519891,229356,129784,119463,28110,1181,11997
Florida 11th,Republican,84.39165824,5.951761477,7.2916431,1.127909183,0.295508377,0.941519623,,,,,,,692014,563980,46961,60756,8285,2057,9975,574603,484917,34199,41898,6481,1698,5410
Florida 12th,Republican,84.74660582,3.316229519,8.517483198,2.107247584,0.247275375,1.065158503,,,,,,,694735,569187,26134,70632,15567,1641,11574,554847,470214,18400,47259,11692,1372,5910
Florida 13th,Democratic,77.74523314,10.57694827,7.121860738,3.035558653,0.250809104,1.269590095,,,,,,,697259,515948,85309,58531,22253,1685,13533,572547,445128,60558,40776,17380,1436,7269
Florida 14th,Democratic,52.09064263,16.40889846,25.80679783,3.894094832,0.220574085,1.578992169,,,,,,,699039,340252,125058,190290,27136,1469,14834,540408,281502,88675,139462,21044,1192,8533
Florida 15th,Republican,67.26813208,12.31597933,16.0852626,2.573477025,0.310482147,1.446666817,,,,,,,704327,445708,93944,129668,18080,2121,14806,533364,358784,65689,85793,13726,1656,7716
Florida 16th,Republican,78.24608669,6.637864588,12.31676043,1.656629761,0.202058766,0.940599765,,,,,,,698285,512728,54263,107028,12118,1435,10713,555284,434488,36859,68393,9199,1122,5223
Florida 17th,Republican,80.05639998,6.329567423,11.42064097,1.084192044,0.306120639,0.803078942,,,,,,,694462,527934,49044,98462,7898,2357,8767,563830,451382,35688,64393,6113,1726,4528
Florida 18th,Republican,74.23630328,10.50320462,12.18025465,1.796237615,0.179587916,1.104411912,,,,,,,699427,490338,84043,99561,12911,1339,11235,557944,414197,58602,67959,10022,1002,6162
Florida 19th,Republican,77.1516424,5.694782433,14.81283,1.285283808,0.175880942,0.879580416,31,166,35.1,184,53878,224,696429,504100,48193,124310,9386,1291,9149,569135,439097,32411,84305,7315,1001,5006
Florida 1st,Republican,77.56156258,12.50445236,4.544456276,2.666619913,0.765714307,1.957194559,26.8,248,29,276,51094,263,696535,522979,94989,35965,17410,5027,20165,541847,420265,67755,24624,14449,4149,10605
Florida 20th,Democratic,25.17584932,47.53715349,22.56320347,2.646678125,0.164999149,1.912116444,,,,,,,703209,152398,353590,162452,17926,1231,15612,523033,131678,248635,118013,13843,863,10001
Florida 21st,Democratic,66.82040201,11.7346902,17.82452166,2.258051716,0.147903379,1.214431041,,,,,,,689378,429055,93851,137674,16422,1175,11201,554416,370463,65059,98822,12519,820,6733
Florida 22nd,Democratic,67.46206257,11.2387592,16.57888515,2.76960597,0.142915294,1.807771819,,,,,,,693643,443788,89626,124060,19871,1019,15279,562571,379522,63226,93268,15581,804,10170
Florida 23rd,Democratic,51.1328233,11.58318739,31.87501152,3.624481519,0.201861923,1.582634344,,,,,,,695383,340184,86158,228644,25349,1595,13453,542450,277370,62833,172906,19661,1095,8585
Florida 24th,Democratic,13.93317059,45.94880638,36.94634253,1.515094347,0.134700207,1.521885954,,,,,,,697844,89549,337273,248912,9792,1040,11278,530066,73855,243559,195840,8031,714,8067
Florida 25th,Republican,20.02436923,3.580316763,74.85883227,0.989745695,0.137007577,0.409728462,,,,,,,692920,138922,26970,515366,6792,1124,3746,540846,108301,19364,404871,5353,741,2216
Florida 26th,Republican,18.94423705,10.03378487,68.29862729,1.6649092,0.105825296,0.952616299,,,,,,,696241,127112,77216,472680,11026,748,7459,530119,100427,53191,362064,8826,561,5050
Florida 27th,Republican,24.04734264,4.021384626,69.14877736,1.868169117,0.059538341,0.854787919,,,,,,,698036,169539,29143,479637,12576,435,6706,569381,136921,22897,393720,10637,339,4867
Florida 2nd,Republican,79.73203477,12.19678697,4.827379056,1.45724298,0.496791517,1.289764711,,,,,,,691866,541277,86305,37570,10224,3395,13095,549325,437988,67000,26518,8005,2729,7085
Florida 3rd,Republican,72.83243678,14.82868171,7.362034126,3.265958599,0.308701453,1.402187339,,,,,,,693992,487768,111555,56511,21708,2126,14324,544863,396837,80796,40113,17795,1682,7640
Florida 4th,Republican,78.97572206,8.959558663,6.21907792,4.043039157,0.301193829,1.501408368,,,,,,,703676,539580,68319,48895,29091,2060,15731,548152,432907,49112,34090,22162,1651,8230
Florida 5th,Democratic,46.71510748,43.14335453,6.010634272,2.382114744,0.341924008,1.406864971,,,,,,,693320,298405,317227,45553,15790,2241,14104,528480,246880,228004,31765,12589,1807,7435
Florida 6th,Republican,79.47091935,8.903556034,8.771339043,1.513583258,0.28481596,1.055786354,,,,,,,699410,534141,68545,72835,10704,1958,11227,564224,448394,50236,49490,8540,1607,5957
Florida 7th,Democratic,66.75088382,8.947145677,18.6874528,3.867665354,0.226565436,1.52028691,,,,,,,695696,445353,65935,141621,26859,1565,14363,548186,365919,49047,102442,21202,1242,8334
Florida 8th,Republican,80.40376836,8.337168428,7.653476924,1.97389509,0.295108329,1.336582868,27.8,230,28.9,279,50070,280,695476,538048,65465,62145,13601,2035,14182,558439,449006,46558,42740,11023,1648,7464
Florida 9th,Democratic,52.37896614,10.7181781,32.22181002,2.989925939,0.238156107,1.452963688,,,,,,,693475,334024,79271,244747,20291,1544,13598,520247,272500,55761,167633,15555,1239,7559
Georgia 10th,Republican,69.18460819,23.6462278,3.969242558,2.039201492,0.191752708,0.96896725,25,284,28.6,284,49033,300,689234,460154,170940,32508,13979,1312,10341,519419,359358,122823,20617,10592,996,5033
Georgia 11th,Republican,71.52788066,14.61229853,9.3578207,2.823350982,0.232761242,1.445887885,41.2,65,43.9,94,69662,88,693142,477347,104934,76058,19143,1550,14110,512972,366918,74957,48003,14483,1194,7417
Georgia 12th,Republican,59.97354915,32.46196968,4.504152437,1.732395939,0.244102461,1.08383033,20.8,356,24.2,356,42336,384,693660,396283,236068,36902,11267,1602,11538,519454,311535,168625,23397,8999,1268,5630
Georgia 13th,Democratic,34.66163612,52.43147639,8.608449858,2.619309667,0.230882634,1.448245333,29.3,205,27,311,52761,232,687435,208589,375818,70119,17075,1500,14334,492458,170694,258203,42393,12899,1137,7132
Georgia 14th,Republican,81.98838911,7.841966189,8.113672754,0.910993016,0.238700995,0.906277934,17,410,18.2,423,46378,343,693048,547012,56855,71008,6384,1583,10206,509005,417325,39916,41299,4637,1215,4613
Georgia 1st,Republican,63.66764796,28.07097703,4.936543648,1.753797452,0.299978986,1.27105492,24.3,294,27.7,298,45796,347,691918,419688,205123,39664,11689,1980,13774,518703,330246,145605,25606,9097,1556,6593
Georgia 2nd,Democratic,45.00923175,48.64762651,4.033653212,1.131277007,0.25581251,0.922399013,17.9,403,23,377,35347,425,690937,288405,352193,31536,7553,1677,9573,515612,232073,250833,20798,5833,1319,4756
Georgia 3rd,Republican,71.02255205,21.72227254,4.344182961,1.628123042,0.251181718,1.031687689,25.8,267,27.3,306,52584,233,697477,477844,158870,35149,11679,1692,12243,515563,366166,111992,22397,8394,1295,5319
Georgia 4th,Democratic,31.13732663,54.66086901,7.96767385,4.512489288,0.190235503,1.531405719,30.5,179,37.6,154,50668,268,692084,190587,392460,63141,30367,1350,14179,504112,156967,275552,40166,22748,959,7720
Georgia 5th,Democratic,31.35964709,55.99448859,6.882036258,4.022253047,0.199825546,1.541749464,40.6,72,70.1,8,48017,313,689901,192780,403808,54552,25155,1324,12282,539971,169333,302354,37161,21719,1079,8325
Georgia 6th,Republican,64.91051938,12.07666195,11.99492254,9.21366683,0.148861899,1.655367395,59.5,6,64.8,13,83844,33,692704,433874,84022,92523,65757,1088,15440,519945,337499,62792,62367,47906,774,8607
Georgia 7th,Republican,52.85797805,16.70121343,16.92443867,11.84402034,0.1845901,1.487759407,40,76,46.4,77,69201,89,691120,342977,121398,131041,79630,1277,14797,489192,258577,81701,82793,57940,903,7278
Georgia 8th,Republican,64.63174082,27.96385703,4.864270659,1.363572258,0.256563327,0.919995904,19.9,374,22.8,379,42582,377,691161,427469,203187,39682,9300,1684,9839,517611,334541,144744,25178,7058,1328,4762
Georgia 9th,Republican,82.60777959,6.291899388,8.969246328,1.064579646,0.249193616,0.81730143,23,322,25.3,338,48837,302,693832,550911,45124,79806,7866,1660,8465,522084,431282,32849,46827,5558,1301,4267
Hawaii 1st,Democratic,18.27001605,1.788734045,5.6623711,60.98736631,0.154037628,13.13747486,34.3,126,50.4,52,77156,56,678064,111982,12047,46905,395455,997,110678,537531,98207,9615,30437,327826,828,70618
Hawaii 2nd,Democratic,33.0132652,1.165233008,8.697721562,38.0461006,0.288080593,18.78959904,28.3,225,41.7,112,70420,83,682237,197361,7857,73937,246061,1826,155195,518952,171323,6047,45137,197441,1495,97509
Idaho 1st,Republican,87.88688028,0.371699071,7.934305164,1.202596994,1.158847103,1.445671386,24.7,287,26.2,323,48216,310,784103,668447,3355,78672,9079,9123,15427,571430,502212,2124,45339,6872,6622,8261
Idaho 2nd,Republican,85.40541017,0.623192495,10.13031671,1.56186076,1.051350779,1.227869084,27.4,236,29.5,265,48363,308,783479,647796,5520,97229,11603,8433,12898,567080,484317,3534,57447,8857,5962,6963
Illinois 10th,Democratic,64.94617799,6.262284217,18.09684153,9.281154297,0.137316594,1.276225374,44.3,44,51.8,47,77031,58,712264,433867,46852,152652,64843,1002,13048,525064,341009,32881,95020,48732,721,6701
Illinois 11th,Democratic,59.82340694,10.39602695,21.84115275,6.785129378,0.117571423,1.036712561,33.4,136,39,139,67065,99,711647,390596,77737,182106,48032,842,12334,508627,304278,52877,111090,34511,598,5273
Illinois 12th,Republican,79.72120283,15.50053861,2.438699312,1.06078034,0.236804148,1.041974768,22.5,329,23.4,367,46803,333,712791,550069,120416,20708,7333,1592,12673,547710,436641,84898,13357,5810,1297,5707
Illinois 13th,Republican,83.48530775,9.074501581,2.54936128,3.51460503,0.19151803,1.184706324,30.8,174,30.6,248,50211,277,710999,577477,73967,20798,23112,1320,14325,561827,469043,50983,14323,19746,1076,6656
Illinois 14th,Republican,83.51064562,2.401826143,9.372351867,3.829827393,0.125832411,0.759516568,40,76,41.2,118,86050,29,711895,574230,18814,80049,28205,898,9699,508613,424746,12216,47669,19479,640,3863
Illinois 15th,Republican,92.81812646,3.862506476,1.87553964,0.539322166,0.201586883,0.702918375,19,394,19.6,417,49136,297,713428,655000,28591,16305,3849,1374,8309,550135,510625,21249,10318,2967,1109,3867
Illinois 16th,Republican,88.03717718,3.176775284,6.545497961,1.363285699,0.150251644,0.727012233,21.7,342,21.9,397,56180,198,713876,610941,23431,59684,9694,1071,9055,544420,479292,17295,35635,7422,818,3958
Illinois 17th,Democratic,81.68455347,9.61654393,6.401317827,1.035461487,0.211453292,1.050669999,18.4,398,19.8,415,45731,349,712708,554098,77951,57761,7493,1433,13972,545747,445791,52482,34935,5651,1154,5734
Illinois 18th,Republican,91.7190079,3.427133697,1.925548853,2.00387812,0.15775405,0.766677378,32,155,31.4,237,61544,143,712949,644226,25551,16720,15286,1161,10005,547688,502334,18770,10546,10975,864,4199
Illinois 1st,Democratic,37.42443867,52.06979477,7.351918532,1.970170963,0.13589325,1.047783815,26.9,245,36.2,170,48295,309,712495,252627,374360,62637,12744,977,9150,533507,199662,277796,39223,10511,725,5590
Illinois 2nd,Democratic,33.44874803,53.47498444,11.0853641,0.735385647,0.153779863,1.101737923,22,340,26.9,312,44353,359,713236,210988,394458,91093,4813,1090,10794,522175,174661,279233,57885,3840,803,5753
Illinois 3rd,Democratic,66.40716848,4.558677238,24.4347813,3.718762246,0.098724867,0.781885871,26.2,258,31.2,240,61772,140,712113,442966,33004,202543,25408,700,7492,530768,352468,24196,129692,19738,524,4150
Illinois 4th,Democratic,26.23062527,3.908426987,65.8219322,3.07914059,0.12371547,0.836159479,23.4,313,48.2,63,46805,332,714974,153066,28121,507444,18802,796,6745,509233,133575,19903,335187,15680,630,4258
Illinois 5th,Democratic,73.28392654,2.512294463,16.07535338,6.653776941,0.144065003,1.330583678,52,19,58.7,24,76963,59,712744,500737,18191,133545,46674,1038,12559,582376,426788,14631,93619,38750,839,7749
Illinois 6th,Republican,81.61763599,2.277159508,7.43422836,7.677060117,0.091485453,0.902430576,49.5,24,51.9,46,93474,17,713102,566319,17544,62309,55511,656,10763,531232,433579,12097,39493,40783,486,4794
Illinois 7th,Democratic,30.38609675,50.02355132,11.52221252,6.654697764,0.140945604,1.272496042,40.6,72,73.7,4,51346,257,713505,187438,379266,93446,41349,984,11022,551986,167727,276123,63601,36733,778,7024
Illinois 8th,Democratic,60.56284156,4.043592887,22.13061074,12.00558252,0.11568049,1.141691809,33.3,138,34.5,189,67079,98,713275,394154,32457,189016,84946,934,11768,535959,324592,21672,118611,64345,620,6119
Illinois 9th,Democratic,67.9896383,8.488693908,9.602116282,12.0727658,0.135368347,1.711417363,51.4,22,58,25,66202,106,712631,468954,62213,78762,85469,981,16252,564386,383724,47909,54193,68137,764,9659
Indiana 1st,Democratic,67.78176321,18.23382937,11.67572034,1.210203356,0.197871584,0.900612142,22.7,327,25.5,334,52256,240,719572,459201,140935,99421,8425,1438,10152,539744,365848,98416,63019,6532,1068,4861
Indiana 2nd,Republican,85.18421107,6.037899858,6.342135845,1.131325115,0.300132252,1.004295864,21,353,22.2,391,48654,303,721243,590503,47848,59526,8058,2138,13170,536097,456670,32369,34000,6065,1609,5384
Indiana 3rd,Republican,87.75331166,5.401197059,4.222177493,1.445433554,0.252362217,0.925518017,22.4,333,23.4,367,50690,267,720169,613567,42520,38919,11518,1773,11872,526624,462130,28444,22235,7612,1329,4874
Indiana 4th,Republican,89.52959362,2.873658889,4.114478053,2.419441878,0.209089828,0.853737732,25.8,267,25.8,328,54897,211,720466,632668,22272,37835,16067,1471,10153,546655,489418,15709,22492,13226,1143,4667
Indiana 5th,Republican,84.97644605,7.791194203,3.442629379,2.614740309,0.184099825,0.990890233,44,46,44.4,90,65165,115,719224,595709,58522,30396,19889,1269,13439,535579,455116,41728,18438,14004,986,5307
Indiana 6th,Republican,93.93496895,2.361550157,1.807532021,0.903674859,0.18850107,0.803772938,19.8,376,19,420,50588,271,720728,668898,17551,16804,6567,1307,9601,548538,515269,12954,9915,4957,1034,4409
Indiana 7th,Democratic,61.53381869,26.72636141,8.126832267,1.946608384,0.252112497,1.414266756,22.2,337,26.3,319,37939,416,720893,410849,205537,71318,13679,1691,17819,533492,328278,142583,43356,10385,1345,7545
Indiana 8th,Republican,92.68172941,3.865077847,1.623895834,0.8344193,0.217133121,0.777744487,19.7,380,19.8,415,47134,326,721206,659549,28639,14792,6226,1524,10476,554038,513492,21414,8997,4623,1203,4309
Indiana 9th,Republican,92.13573279,2.413395898,2.328490798,1.893149366,0.221906958,1.007324191,25.8,267,25.5,334,52041,245,720301,655509,18316,20696,12868,1554,11358,554737,511111,13388,12917,10502,1231,5588
Iowa 1st,Republican,92.62872125,2.738380335,2.463630483,1.139085016,0.296943171,0.733239743,25.6,272,26.3,319,55645,204,761548,689523,24450,24970,9042,2447,11116,581256,538410,15917,14320,6621,1726,4262
Iowa 2nd,Democratic,90.31782883,2.849458594,3.755878987,1.98273045,0.199487765,0.89461537,26.2,258,26.6,316,52166,242,761624,671512,25097,36511,14845,1511,12148,584497,527905,16655,21953,11589,1166,5229
Iowa 3rd,Republican,88.57863017,3.253140137,4.744705418,2.320075758,0.217204574,0.886243945,31.3,161,32.7,216,59433,162,761612,654386,28351,46515,18409,1729,12222,568128,503240,18482,26956,13181,1234,5035
Iowa 4th,Republican,92.11933322,1.028262681,4.295776937,1.601249656,0.327127828,0.628249678,24,304,24.6,350,51259,258,761571,685702,9008,43548,12098,2894,8321,584481,538420,6010,25108,9359,1912,3672
Kansas 1st,Republican,83.00774552,2.723047219,11.13111479,1.575941912,0.438527829,1.123622728,23.7,310,26.1,324,48559,306,713394,565705,19788,101043,10692,3162,13004,536568,445393,14611,59726,8456,2353,6029
Kansas 2nd,Republican,86.46161209,4.481381265,4.444014947,1.37058921,1.465385536,1.777016953,27.7,232,28.6,284,50087,279,712614,600203,32829,39907,9179,10829,19667,543270,469720,24346,24143,7446,7961,9654
Kansas 3rd,Republican,76.82994283,8.378740988,9.419145666,3.65653631,0.355414181,1.360220024,47,32,52.3,44,71742,76,713788,525585,62159,80942,26960,2485,15657,522489,401428,43778,49214,19105,1857,7107
Kansas 4th,Republican,79.34175862,6.378908785,8.563819633,3.109655989,0.921117941,1.684739032,27.3,238,30,256,51427,255,713265,539001,47921,78150,22114,6592,19487,523820,415608,33414,44859,16289,4825,8825
Kentucky 1st,Republican,89.91878187,6.523056283,1.964274122,0.548186297,0.214946732,0.032278075,16.9,413,16.9,429,40358,403,723331,638962,49550,18499,4009,1476,544,554556,498650,36174,10893,3040,1192,179
Kentucky 2nd,Republican,90.25768465,5.177047583,2.274696984,1.095474508,0.253250936,0.049263511,19.8,376,19.9,413,46401,341,724739,642527,38566,21050,8305,1752,805,548073,494678,28374,12467,6004,1388,270
Kentucky 3rd,Democratic,73.49066071,19.16955316,3.812689061,2.078814757,0.209697898,0.096036602,32.7,145,35.9,175,50450,273,723136,506794,151669,32131,15841,1454,1232,556038,408636,106590,21200,11559,1166,534
Kentucky 4th,Republican,92.53799631,3.126209816,2.343962731,0.975447111,0.191347677,0.053347658,26.5,253,26.9,312,55744,203,722466,658904,23007,20832,7570,1269,814,539855,499571,16877,12654,5266,1033,288
Kentucky 5th,Republican,96.5125195,1.443822645,0.895820636,0.298308987,0.193033976,0.01662237,13.2,430,13.3,435,31339,434,723534,696306,9622,7783,2312,1301,247,559487,539975,8078,5012,1669,1080,93
Kentucky 6th,Republican,85.30812822,8.068719063,3.702807617,1.670483994,0.1994688,0.071149249,30.1,189,31.5,236,49531,286,722156,602157,60661,32541,12375,1390,992,557982,476004,45022,20661,9321,1113,397
Louisiana 1st,Republican,76.63319268,11.71865304,7.263613674,1.998786525,1.166246087,1.219507991,29.4,203,32.4,221,54677,213,756070,563130,98107,57229,14981,9854,12769,580152,444589,67986,42140,11596,6766,7075
Louisiana 2nd,Democratic,31.78808645,58.49440756,5.755984618,2.594286176,0.282652117,1.084583075,22.8,323,35.8,177,37856,417,754952,216579,464219,43268,18854,2148,9884,569251,180954,332980,32766,14768,1609,6174
Louisiana 3rd,Republican,71.52326016,22.81614414,2.840712849,1.327244566,0.439566309,1.053071979,20.2,369,23.1,374,46766,335,755596,520993,186297,23014,9949,3457,11886,561690,401739,128156,15956,7455,2469,5915
Louisiana 4th,Republican,62.23202704,32.06727672,2.788842512,0.979324585,0.778306257,1.154222885,19.3,388,22.1,396,40689,402,755334,450181,255509,24173,7098,6077,12296,566615,352616,181698,15802,5549,4410,6540
Louisiana 5th,Republican,63.03555978,33.1825463,1.873236682,0.691670176,0.410067898,0.806919169,17.6,406,20.4,407,35321,426,755317,458328,265012,15313,5074,3155,8435,567467,357706,188300,10630,3925,2327,4579
Louisiana 6th,Republican,71.91686163,21.12693842,3.647431873,2.016373719,0.415832138,0.87656222,29.3,205,31.2,240,60440,156,756103,525673,173276,29563,14915,3401,9275,570182,410057,120462,20797,11497,2371,4998
Maine 1st,Democratic,95.13716374,1.024644651,1.166138676,1.285221566,0.317554375,1.069276994,37.3,96,37.3,155,59452,161,664180,624117,8632,9676,9288,2108,10359,526524,500920,5395,6140,6767,1672,5630
Maine 2nd,Republican,95.97935916,0.690114242,0.831588609,0.616532399,0.835760776,1.04664482,22.8,323,22.8,379,44560,357,664181,630180,6522,7259,4467,6102,9651,527304,506103,3639,4385,3251,4407,5519
Maryland 1st,Republican,83.23953324,11.06763304,2.759231258,1.75466636,0.210646161,0.968289941,31,166,32.4,221,69824,86,721003,587883,82279,23789,13367,1484,12201,556858,463526,61631,15365,9771,1173,5392
Maryland 2nd,Democratic,58.82261705,29.86739753,4.699021402,4.58041454,0.331004381,1.699545097,31.1,165,31.7,232,62278,134,717779,393132,230704,39026,32899,2355,19663,548029,322365,163682,25752,25102,1814,9314
Maryland 3rd,Democratic,66.23299802,18.68107002,6.784580353,6.40044329,0.222357632,1.678550684,47.3,30,51.3,49,81231,38,717166,451678,144608,55147,46293,1612,17828,561258,371738,104849,38079,35923,1248,9421
Maryland 4th,Democratic,28.80291605,53.56660973,12.4766806,3.284946148,0.240196698,1.628650779,33,141,47.6,69,78412,50,724534,197946,388849,98584,22443,1698,15014,546219,157327,292591,68150,17943,1312,8896
Maryland 5th,Democratic,52.03519326,35.27613423,6.304634986,4.127651478,0.358958034,1.897428016,34.9,120,37,158,91820,20,722586,356876,262920,52286,27778,2540,20186,546582,284415,192813,34460,22561,1962,10371
Maryland 6th,Democratic,66.35590549,11.75010598,10.08627155,9.973948237,0.18279714,1.650971597,41,69,40.7,123,73641,67,727594,462578,89470,81712,72931,1314,19589,551978,366270,64858,55674,55054,1009,9113
Maryland 7th,Democratic,36.14105655,53.38584749,2.865031051,5.802327635,0.233916864,1.571820407,37,98,56.3,30,59026,165,719131,245705,392787,22498,41461,1634,15046,554898,200546,296237,15898,32197,1298,8722
Maryland 8th,Democratic,65.49049509,11.38047393,12.42505849,8.818673098,0.163312099,1.721987288,53.9,16,59.7,22,95314,14,723759,462160,82612,97590,61934,1178,18285,554766,363319,63135,68930,48923,906,9553
Massachusetts 1st,Democratic,79.84021715,5.167339663,11.99062352,1.679332236,0.163893471,1.158593953,29.1,211,32.4,221,53918,220,727879,553044,40213,108819,12775,1160,11868,564391,450611,29164,67674,9478,925,6539
Massachusetts 2nd,Democratic,83.36993867,3.546421093,6.945067284,4.375867317,0.16966748,1.59303816,36.7,102,38.2,148,62448,131,727319,588155,27902,61113,33246,1221,15682,566402,472209,20087,39337,24785,961,9023
Massachusetts 3rd,Democratic,75.18129396,2.608011882,14.02534475,6.393706406,0.117950286,1.673692718,37.4,95,41.5,114,72570,70,727900,524287,19245,118080,49556,892,15840,549384,413034,14328,77053,35126,648,9195
Massachusetts 4th,Democratic,88.21648384,2.125064224,3.046841597,4.996748359,0.105453775,1.509408201,49.9,23,49.8,57,90913,21,729440,633759,15979,25674,37598,807,15623,556642,491050,11829,16960,27814,587,8402
Massachusetts 5th,Democratic,77.08280096,4.475527132,6.490127285,9.017355811,0.098934341,2.835254467,55.9,10,57.7,26,86183,28,727037,546918,34370,53303,66396,764,25286,579172,446442,25921,37589,52226,573,16421
Massachusetts 6th,Democratic,87.09403527,2.285916866,6.008331118,3.358326686,0.111672428,1.141717628,42.4,56,44.2,91,80638,40,727373,618612,17982,52252,26034,814,11679,564150,491341,12896,33896,18946,630,6441
Massachusetts 7th,Democratic,48.8372287,20.48676398,16.68988483,9.77081585,0.185189202,4.030117437,42.2,58,61.3,18,56719,189,727839,320503,164496,141116,67289,1453,32982,599387,292724,122795,100037,58565,1110,24156
Massachusetts 8th,Democratic,78.98100911,6.854593318,4.297726727,6.507707983,0.151968813,3.206994043,45.3,36,48.2,63,79789,44,725462,556481,55101,35933,47888,1158,28901,575118,454234,39422,24717,37427,874,18444
Massachusetts 9th,Democratic,90.20189527,2.104483852,3.398947845,1.029683308,0.332892032,2.93209769,33.1,140,34.7,187,63532,123,727380,643041,16405,31364,8180,2509,25881,574060,517813,12081,19512,5911,1911,16832
Michigan 10th,Republican,92.66210999,2.494416113,2.289720237,1.344051411,0.317773088,0.891929161,22.8,323,22.6,381,58068,174,705744,644037,18881,20425,9974,2246,10181,535917,496592,13368,12271,7203,1703,4780
Michigan 11th,Republican,84.29944417,4.811592586,2.56278698,6.954994144,0.21991709,1.151265034,46,35,43.8,95,77183,55,705359,579927,35987,22049,53024,1604,12768,537930,453472,25883,13786,37413,1183,6193
Michigan 12th,Democratic,78.840593,9.670220861,4.424376335,4.864081853,0.358842243,1.84188571,34.3,126,33.4,200,54212,218,705112,539252,74064,37235,32839,2507,19215,545365,429969,52738,24129,26527,1957,10045
Michigan 13th,Democratic,37.35173641,53.80131247,5.601853796,1.17561052,0.349113759,1.72037305,15.3,422,18.5,421,31789,433,706462,246159,386239,48016,7611,2274,16163,523898,195685,281864,29348,6159,1829,9013
Michigan 14th,Democratic,33.60907663,57.34722459,3.451238668,3.669070194,0.233161112,1.690228808,29.7,200,45.6,82,40785,400,705968,219139,413655,28637,27415,1664,15458,528390,177587,303017,18236,19387,1232,8931
Michigan 1st,Republican,93.21071567,1.53713938,1.057083581,0.54660171,2.407929995,1.240529663,24.9,285,25.7,331,45684,351,705288,649509,9420,9962,3970,19638,12789,562018,523861,8639,5941,3072,13533,6972
Michigan 2nd,Republican,84.12708656,5.916661131,6.355276768,1.957922507,0.499919337,1.143133701,25.1,281,26.8,314,51681,249,705379,570532,45248,57713,14641,3397,13848,526885,443253,31174,33485,10316,2634,6023
Michigan 3rd,Republican,83.71429497,7.811538747,5.485390386,1.371157132,0.400357312,1.217261457,30.2,185,32.5,219,53861,225,706300,569753,58869,50042,10118,2744,14774,525031,439526,41013,28800,7199,2102,6391
Michigan 4th,Republican,93.52331748,1.892741608,2.093175244,0.896580977,0.666837791,0.927346903,20.7,359,20.7,404,47461,318,706106,653338,12441,19006,6438,5042,9841,549309,513732,10397,11498,4925,3663,5094
Michigan 5th,Democratic,77.6952665,16.13399301,3.569488951,0.837782908,0.442500173,1.320968461,19.5,384,20.6,405,42390,382,706016,526313,124083,31550,5839,3202,15029,535819,416306,86449,19126,4489,2371,7078
Michigan 6th,Republican,85.12359132,7.575114091,4.08307721,1.347117444,0.478532178,1.392567756,28.1,229,28.6,284,50511,272,706833,580808,59007,37593,9480,3468,16477,536850,456986,40667,21920,7232,2569,7476
Michigan 7th,Republican,90.61720161,4.051688203,3.073873373,0.863137418,0.335880691,1.058218702,23.4,313,23.5,366,53887,222,706835,629156,28799,27456,6465,2323,12636,539775,489129,21870,16592,4659,1813,5712
Michigan 8th,Republican,85.72758923,5.152707583,3.706953116,3.725726734,0.350750666,1.336272675,39,85,39,139,65400,112,705492,590738,38902,32041,26471,2462,14878,537989,461205,27721,19943,20044,1887,7189
Michigan 9th,Democratic,83.58555978,9.651765164,1.702032482,3.30431677,0.287700488,1.468625315,28.8,215,29.6,263,52455,235,706746,571278,78161,14633,24375,2094,16205,554396,463395,53509,9436,18319,1595,8142
Minnesota 1st,Democratic,90.86870398,1.913171158,4.186892363,2.127086965,0.240828434,0.6633171,28.2,227,28.9,279,57189,182,662237,585535,15273,36604,14946,1566,8313,505339,459195,9668,21158,10749,1217,3352
Minnesota 2nd,Republican,87.14732638,3.012721892,4.250928346,4.013873185,0.436214449,1.138935744,37.8,93,39.4,135,77122,57,662780,558248,23765,35469,28060,3022,14216,485541,423136,14628,20640,19489,2118,5530
Minnesota 3rd,Republican,84.29704337,5.410392574,3.006332616,5.794132621,0.288157182,1.203941636,48,28,50,55,81788,36,663654,537250,42984,25281,41306,1961,14872,496951,418915,26887,14940,28794,1432,5983
Minnesota 4th,Democratic,76.34878973,7.9059562,5.054130138,8.542582971,0.570365212,1.578175744,43.2,50,48.1,65,63638,122,664041,471349,61120,41722,68289,3812,17749,504063,384846,39851,25476,43060,2875,7955
Minnesota 5th,Democratic,70.95655628,12.93268056,7.459634303,5.326973604,1.09392185,2.230233411,45.1,37,53.7,40,56752,188,662883,430805,101629,61998,37615,7978,22858,523712,371608,67730,39067,27898,5729,11680
Minnesota 6th,Republican,92.9484484,1.804834296,1.791784306,2.204826839,0.392742549,0.857363612,29.3,205,29.4,267,73227,69,661656,604208,13764,15319,15388,2510,10467,482759,448717,8713,8650,10644,1896,4139
Minnesota 7th,Democratic,92.92509847,0.589344322,2.746316845,0.746423675,2.170425163,0.822391523,21.6,344,22.5,385,54481,216,663326,601672,4850,25270,5295,17151,9088,505477,469715,2979,13882,3773,10971,4157
Minnesota 8th,Democratic,94.28161699,0.820123251,0.973411883,0.573233596,2.281306926,1.070307352,22.3,334,22.9,378,52179,241,663348,616075,5756,8595,3957,17421,11544,516020,486512,4232,5023,2958,11772,5523
Mississippi 1st,Republican,71.45373478,24.52224466,2.548931757,0.661757533,0.201255226,0.612076036,19.9,374,22.2,391,43910,364,741837,510852,194586,22647,4845,1446,7461,553526,395515,135737,14109,3663,1114,3388
Mississippi 2nd,Democratic,35.70125293,61.13532861,1.808403411,0.544617829,0.309186954,0.501210262,17.7,405,23.6,364,32152,432,741862,239425,477582,13682,3764,2420,4989,543684,194102,332383,9832,2961,1681,2725
Mississippi 3rd,Republican,63.25929646,32.26585127,2.171250258,0.911039176,0.840738516,0.55182432,25.2,278,30.1,254,42817,374,741822,449767,254546,17169,6799,7404,6137,557605,352737,179916,12107,5080,4688,3077
Mississippi 4th,Republican,72.88064684,20.8670077,3.398829649,1.52030697,0.351392552,0.981816288,20.4,367,22.5,385,42383,383,741776,522243,166798,27983,11017,2575,11160,556927,405892,116214,18929,8467,1957,5468
Missouri 1st,Democratic,47.27706993,45.49328192,2.690707592,2.801705794,0.21105292,1.526181853,30.5,179,42.7,99,42145,389,748540,319451,368775,22783,19440,1534,16557,575685,272167,261898,15490,16129,1215,8786
Missouri 2nd,Republican,90.18974242,3.104558324,1.971832954,3.703147352,0.146372222,0.884346731,47.2,31,47.2,71,77477,53,748401,664294,24801,17629,29374,1117,11186,572513,516348,17774,11289,21201,838,5063
Missouri 3rd,Republican,93.1681839,3.0611665,1.730286315,0.865587139,0.292495285,0.882280859,24.5,291,24.2,356,57578,176,748398,688887,23839,15989,6734,2133,10816,563086,524617,17237,9743,4874,1647,4968
Missouri 4th,Republican,89.7040164,4.322978032,2.614213906,1.492292784,0.484881865,1.381617017,25.2,278,24.6,350,45735,348,749315,661410,33714,24278,10807,3622,15484,573748,514675,24803,14999,8562,2782,7927
Missouri 5th,Democratic,69.0292639,20.24872466,6.831229583,1.831607397,0.429477931,1.629696536,27.2,241,31.6,234,46396,342,748737,488072,162753,62467,13701,3099,18645,569063,392820,115228,38874,10423,2444,9274
Missouri 6th,Republican,91.19140898,3.649164674,2.677789009,1.152302569,0.344327623,0.985007143,27.3,238,27.5,303,56422,193,748760,671952,28069,24951,8941,2523,12324,564869,515112,20613,15126,6509,1945,5564
Missouri 7th,Republican,91.53447491,1.485975418,3.3293063,1.222117169,0.893126029,1.535000175,24,304,24.7,348,43823,366,748406,671805,11760,32310,9506,6987,16038,571140,522790,8487,19015,6980,5101,8767
Missouri 8th,Republican,92.56627723,4.110836137,1.268950988,0.624360162,0.422925528,1.006649959,15.6,418,15.7,433,40327,404,748370,684877,33438,12063,4481,3047,10464,573387,530763,23571,7276,3580,2425,5772
Montana At-Large,Republican,89.98971081,0.341710931,2.274590913,0.692300862,5.085708466,1.615978022,30.6,177,32,228,49509,288,989415,868628,3743,28565,6747,59902,21830,765852,689188,2617,17420,5302,38949,12376
Nebraska 1st,Republican,87.86707562,2.255807921,5.807593623,2.082938218,0.947840437,1.038744177,29.9,192,31.2,240,54647,215,608065,516832,14907,45360,12787,6909,11270,458727,403070,10348,26641,9555,4348,4765
Nebraska 2nd,Republican,78.34404163,9.240296001,8.187878639,2.529066712,0.434519111,1.264197906,38.5,89,42.4,104,61607,142,609223,454079,61305,61976,15680,2755,13428,447161,350324,41319,36613,11309,1943,5653
Nebraska 3rd,Republican,89.66463732,0.718510424,7.581217262,0.702249627,0.725448364,0.607937004,21.9,341,23.4,367,50009,283,609053,528842,4747,60069,4418,5133,5844,461232,413562,3314,34967,3239,3346,2804
Nevada 1st,Democratic,42.33554717,9.465988445,36.49834796,9.045666125,0.498261581,2.156188711,15.4,420,22.4,388,37299,420,674442,246051,63635,287756,55478,3099,18423,509371,215645,48217,185912,46076,2538,10983
Nevada 2nd,Republican,73.75918466,1.732589177,16.59694249,4.320310604,1.820528998,1.770444067,26,263,30.1,254,56823,187,675971,469069,11684,138087,27912,12641,16578,515125,379952,8925,85495,22255,9378,9120
Nevada 3rd,Democratic,64.37871478,5.905319388,13.51131709,13.07067025,0.415921554,2.718056937,31.8,158,33.9,197,64914,118,675469,412783,41181,105955,86223,2751,26576,521733,335885,30810,70493,68194,2170,14181
Nevada 4th,Democratic,54.73295266,13.19357304,23.01875687,5.994106034,0.770670776,2.289940611,19.8,376,24.7,348,54731,212,674669,334178,91558,184703,36890,5045,22295,489314,267816,64558,112634,29330,3771,11205
New Hampshire 1st,Democratic,93.66310654,0.998066065,2.21129457,1.925383143,0.178038659,1.024111021,36.3,107,36.3,169,71858,75,658233,607603,7643,18305,13357,1176,10149,514495,481892,5135,11377,9906,916,5269
New Hampshire 2nd,Democratic,93.45262957,0.835565848,2.245206813,2.171966096,0.234681131,1.059950538,35.1,117,34.6,188,68252,92,658237,607447,5982,18399,15213,1517,9679,514741,481039,4301,11557,11180,1208,5456
New Jersey 10th,Democratic,23.75621131,50.08155991,16.76271814,6.881752496,0.212343213,2.305414932,27.8,230,44.2,91,47184,325,735256,158829,377722,130777,47276,1650,19002,556646,132238,278777,93309,38307,1182,12833
New Jersey 11th,Republican,78.97531357,3.380578824,8.013118823,8.49231042,0.067366928,1.071311439,52,19,52.3,44,102205,6,732771,567938,24936,64056,63677,544,11620,564075,445480,19069,45200,47903,380,6043
New Jersey 12th,Democratic,53.925056,16.65277493,14.29879436,13.49313296,0.121188324,1.509053428,43.3,49,47.1,74,78982,48,730872,370303,125464,114457,104827,1054,14767,560285,302134,93303,80114,75600,679,8455
New Jersey 1st,Democratic,68.92658106,15.40932334,9.852451128,4.462015771,0.153330173,1.196298531,30.9,170,33.3,205,67318,95,731714,480423,119179,84785,32984,1128,13215,556968,383899,85825,54875,24852,854,6663
New Jersey 2nd,Republican,70.99454811,11.80054076,12.23243651,3.480164886,0.291121847,1.201187891,25.3,277,29.6,263,59105,164,732326,495309,90019,105485,26175,2089,13249,564025,400427,66558,68994,19629,1642,6775
New Jersey 3rd,Republican,79.99754983,9.76548417,5.585151998,3.175764364,0.120933163,1.35511647,32.3,151,33.3,205,71196,80,733895,571319,74882,47920,24343,888,14543,571390,457098,55799,31913,18146,691,7743
New Jersey 4th,Republican,80.46049185,6.235294762,8.492851132,3.778960991,0.093091345,0.939309919,38.7,87,41.1,119,78467,49,732848,578886,46412,69676,27558,643,9673,547849,440802,34160,46528,20703,510,5146
New Jersey 5th,Democratic,75.41259166,4.402168574,10.12513062,8.844171735,0.123433634,1.092503774,46.1,34,46.2,80,96349,13,734272,542510,32124,81017,66519,935,11167,559815,422171,24644,56682,49511,691,6116
New Jersey 6th,Democratic,55.15511964,9.020488432,17.56857428,16.47000879,0.111745453,1.674063404,38.5,89,37.7,153,75203,63,733855,381645,68724,143987,123372,1046,15081,566466,312435,51098,99520,93297,633,9483
New Jersey 7th,Republican,77.38561399,3.8699108,9.984804541,7.774705405,0.063923204,0.921042058,52.2,18,53.7,40,101746,7,732573,554527,28675,77840,59668,475,11388,547532,423711,21189,54670,42569,350,5043
New Jersey 8th,Democratic,30.39735365,8.628046171,50.27796068,8.55801021,0.114048585,2.024580701,31.9,157,49.1,60,55090,208,732104,203075,66204,387383,58044,987,16411,572563,174044,49401,287873,49000,653,11592
New Jersey 9th,Democratic,45.63450469,9.468112888,31.20651229,12.22395925,0.092833404,1.374077479,32.1,153,35.9,175,60867,152,729408,310114,71060,247761,87347,788,12338,559066,255127,52933,174465,68340,519,7682
New Mexico 1st,Democratic,46.85436849,2.405235846,43.4924223,2.239324594,3.490245793,1.518402975,31.6,159,47.4,70,47199,324,686391,288232,16016,329665,14776,24773,12929,523774,245411,12598,227802,11729,18281,7953
New Mexico 2nd,Republican,45.31934385,1.632892181,46.87458224,0.84357577,4.277053009,1.052552942,20.1,371,29.1,272,41232,395,686420,275624,10725,355689,5258,30590,8534,508668,230525,8306,238436,4291,21756,5354
New Mexico 3rd,Democratic,43.67787586,1.289008296,36.42998435,1.165795715,16.12490528,1.312430496,27.4,236,42.1,106,48061,312,686368,269954,8721,268049,7517,120005,12122,508065,221912,6549,185088,5923,81925,6668
New York 10th,Democratic,65.46006262,3.994857116,11.86150703,16.76531893,0.0864032,1.831851111,60.3,4,69.4,9,81834,35,716260,468129,26602,86976,118122,668,15763,580997,380321,23210,68915,97406,502,10643
New York 11th,Republican,66.82266067,6.339665876,13.90333998,11.47435886,0.121574761,1.338399846,34.4,125,38,151,66344,104,717007,460023,49361,112464,82346,937,11876,556859,372108,35303,77422,63896,677,7453
New York 12th,Democratic,68.48887863,4.457240586,12.32518146,12.57982221,0.100212438,2.048664677,71.5,1,77.9,1,93649,16,714002,477788,33212,95507,89018,784,17693,632656,433299,28199,77976,79587,634,12961
New York 13th,Democratic,14.11765974,27.11731665,52.61762471,4.251608117,0.197770102,1.698020682,31.5,160,71.4,5,39258,408,717786,88040,191448,395346,28345,1507,13100,556707,78594,150964,292926,23669,1101,9453
New York 14th,Democratic,27.54539152,9.815099208,44.82637579,15.73929603,0.139004677,1.934832782,25.6,272,38.6,143,52346,239,718956,180405,68716,340333,112822,1301,15379,569765,156944,55923,255405,89677,792,11024
New York 15th,Democratic,2.735135885,29.37273979,64.30888429,1.925671994,0.217376227,1.440191814,13.9,426,24.9,344,26047,435,717177,16683,207587,468193,12599,1750,10365,504655,13803,148231,324538,9718,1097,7268
New York 16th,Democratic,41.87504324,30.10017369,21.26533466,4.686242594,0.193173915,1.880031898,38.7,87,55,33,66325,105,720278,284884,217509,166839,33438,1479,16129,549246,229997,165324,116799,25739,1061,10326
New York 17th,Democratic,64.02509099,10.00103449,18.7149803,5.911429189,0.111348311,1.236116728,44.4,43,51.8,47,89905,22,712306,449438,69360,139459,41121,818,12110,531665,340399,53172,99501,31429,592,6572
New York 18th,Democratic,74.31511702,8.207407849,13.05957904,2.857004341,0.197465579,1.363426168,34.6,123,38.1,149,79540,47,719723,516970,60095,106451,20631,1359,14217,536296,398549,44016,70038,15322,1059,7312
New York 19th,Republican,87.91853204,4.015654185,5.389004396,1.328986122,0.208792892,1.139030363,28.3,225,29.1,272,58298,173,717341,619384,29089,45225,9806,1450,12387,568027,499401,22810,30611,7549,1186,6470
New York 1st,Republican,79.98343482,4.256887748,11.16329447,3.344710519,0.237373599,1.014298847,34.3,126,35.7,179,86645,25,717177,558724,32109,89960,24029,1735,10620,549345,439385,23385,61325,18374,1304,5572
New York 20th,Democratic,82.56775464,7.703228567,4.223957624,3.513393575,0.178922821,1.81274277,36.4,105,38,151,61393,148,717751,571278,61694,37650,26280,1338,19511,565607,467009,43570,23891,19872,1012,10253
New York 21st,Republican,92.146652,2.879019416,2.402723527,0.829947372,0.811559637,0.930098044,22.6,328,23.1,374,51580,251,718128,657759,18944,19159,5955,6217,10094,560156,516165,16127,13459,4649,4546,5210
New York 22nd,Republican,90.74699112,3.313321573,2.54669806,2.09607779,0.267811415,1.02910004,23.4,313,23.4,367,50416,274,717428,640110,25634,22476,15399,1873,11936,562336,510303,18632,14321,11787,1506,5787
New York 23rd,Republican,91.08194326,2.595701454,2.651126319,2.065690048,0.520744226,1.084794696,26.3,256,25.8,328,49592,285,715904,644134,18738,22745,13705,4034,12548,561120,511079,14565,14876,11591,2922,6087
New York 24th,Republican,86.19098922,6.82189572,2.929841433,2.204069385,0.597609562,1.255594681,30.5,179,31.3,239,55014,210,717111,600220,55154,26233,15978,4161,15365,553204,476812,37739,16208,12193,3306,6946
New York 25th,Democratic,75.91584123,13.18566616,6.025763771,3.342127617,0.221536756,1.309064471,36.3,107,41.6,113,53594,227,717894,517207,107007,53459,23957,1519,14745,555664,421837,73268,33483,18571,1231,7274
New York 26th,Democratic,75.13477256,15.93289512,4.273254682,2.985880296,0.480862828,1.192334512,29.8,198,32.9,213,45106,353,716906,512316,126679,38873,21521,3566,13951,565026,424531,90025,24145,16871,2717,6737
New York 27th,Republican,93.51753644,2.438423381,1.81167572,0.860662031,0.674423339,0.697279094,29.3,205,29.5,265,62566,130,719760,667248,16414,15737,6587,5114,8660,560034,523730,13656,10146,4820,3777,3905
New York 2nd,Republican,68.84032777,8.476399955,18.54571605,2.906774606,0.137790449,1.092991169,30,191,33.4,200,89668,23,718757,475083,64067,146936,20965,1055,10651,546482,376200,46322,101349,15885,753,5973
New York 3rd,Democratic,73.94828879,2.881440178,9.026054422,12.69807416,0.077901187,1.368241259,51.8,21,54.3,35,102602,5,717864,520046,20752,69966,93704,651,12745,553265,409130,15942,49938,70254,431,7570
New York 4th,Democratic,63.23222117,13.46272938,16.52343651,5.411057875,0.096693937,1.27386113,40.7,70,48.1,65,97111,11,718843,438618,98985,129190,39499,828,11723,552258,349205,74349,91252,29883,534,7035
New York 5th,Democratic,13.10041076,50.0688304,17.91538499,11.38929808,0.471794377,7.054281399,24.3,294,35.5,181,65012,116,710048,85259,355785,133873,80160,4151,50820,539006,70612,269874,96565,61389,2543,38023
New York 6th,Democratic,39.71938422,3.690104334,17.35066482,37.13776638,0.089511427,2.012568826,36.2,109,42.1,106,59696,160,724580,277856,26223,133838,268850,859,16954,590986,234736,21808,102540,219479,529,11894
New York 7th,Democratic,28.61902324,8.377871663,41.32690459,19.48421483,0.175697726,2.016287953,33,141,59.9,21,49420,291,714039,199545,59712,306463,131025,1427,15867,542978,155395,45490,224396,105795,954,10948
New York 8th,Democratic,24.46891067,51.50471524,16.9110765,4.692523404,0.245348822,2.177425364,30.9,170,51.2,50,47220,323,718016,155930,378439,131873,33159,1863,16752,550237,134637,283398,93051,25820,1350,11981
New York 9th,Democratic,31.16942638,50.15297911,10.61991897,5.914356763,0.183682348,1.959636431,37.3,96,64,15,51148,260,727032,221159,364537,81691,42491,1464,15690,558573,174104,280141,59320,33036,1026,10946
North Carolina 10th,Republican,81.91613883,11.61852271,4.489198366,1.269446807,0.333223196,2.103383551,,,,,,,736057,582998,95259,41449,10579,2478,19284,568988,466093,66108,25543,7223,1896,11968
North Carolina 11th,Republican,89.56182615,3.272049514,4.329544221,0.972399026,1.315537886,2.162015975,,,,,,,733447,640542,27828,41284,8329,11038,20162,580523,519927,18995,25134,5645,7637,12551
North Carolina 12th,Democratic,46.57766906,36.20765621,12.14612573,4.723564438,0.487951135,6.398211272,,,,,,,733894,312781,281939,102704,34323,3734,54218,546981,254771,198049,66437,25837,2669,34997
North Carolina 13th,Republican,69.78037134,21.16975279,5.738251067,2.646398212,0.449932474,3.037939768,,,,,,,729710,487239,164132,52139,20836,3460,27403,558306,389588,118192,32037,14775,2512,16961
North Carolina 1st,Democratic,46.21005597,44.44671719,6.588186336,1.972647089,0.80126114,3.823271134,,,,,,,733323,314598,341018,58595,13468,6100,34353,567106,262060,252060,37362,11187,4544,21682
North Carolina 2nd,Republican,70.65255319,19.67825961,7.12702691,1.772986105,0.603192507,3.648013218,,,,,,,734740,500909,149478,64463,13235,4685,32264,530179,374585,104330,37786,9400,3198,19341
North Carolina 3rd,Republican,71.22779936,21.21396001,5.379783893,1.35146644,0.492894022,2.354819822,,,,,,,732627,502246,166389,47782,9830,3583,20321,563610,401447,119564,30321,7617,2778,13272
North Carolina 4th,Democratic,61.6202346,22.40056373,8.687505338,6.64628591,0.438459129,4.19703613,,,,,,,733218,424627,176841,75661,50555,3520,36743,561968,346286,125884,48821,37350,2464,23586
North Carolina 5th,Republican,77.6660137,14.01709462,6.698152428,1.147685955,0.318145945,3.923447673,,,,,,,733879,546455,110223,64728,9007,2461,38339,567664,440882,79570,38023,6515,1806,22272
North Carolina 6th,Republican,71.11150918,19.8622481,7.148947604,1.218450515,0.534885804,3.838423645,,,,,,,733554,498545,152617,67658,9675,4210,35573,558250,396980,110881,39909,6802,2986,21428
North Carolina 7th,Republican,70.81863599,20.27776216,6.957053318,0.794007701,0.886934709,4.270602041,,,,,,,734750,496463,158230,65242,5843,6801,39737,569264,403145,115434,39604,4520,5049,24311
North Carolina 8th,Republican,66.93734966,22.45253859,7.253679396,2.023598853,1.224045764,3.349633117,,,,,,,733160,464581,177658,66336,14810,9366,29782,544179,364259,122182,39473,11012,6661,18228
North Carolina 9th,Republican,64.13613248,19.55628411,5.938565281,2.02056517,7.993405734,2.967792411,,,,,,,733124,452011,149844,52079,15076,60674,25851,536830,344302,104984,31880,10847,42911,15932
North Dakota At-Large,Republican,91.00206612,0.986570248,1.542699725,1.106137129,4.359121518,1.003405265,29.1,211,29.9,260,60557,155,672591,598007,7720,13467,7129,35562,10706,522720,475686,5157,8064,5782,22786,5245
Ohio 10th,Republican,78.50097345,16.01485748,1.83583201,1.987098395,0.213710871,1.44752779,29.1,211,30.2,253,49490,289,721931,549891,123144,16102,14250,1518,17026,557295,437482,89250,10231,11074,1191,8067
Ohio 11th,Democratic,41.83328201,50.87852279,3.34518302,2.318250644,0.187675718,1.437085815,26,263,39.9,131,35624,424,720563,274301,386243,27893,15567,1307,15252,548819,229589,279231,18359,12723,1030,7887
Ohio 12th,Republican,89.55120242,4.541290623,1.541367572,3.034550231,0.17075414,1.16083501,40,76,39.4,135,69056,90,723055,637035,33656,13524,23057,1218,14565,545814,488783,24787,8413,16563,932,6336
Ohio 13th,Democratic,85.11469925,10.29171942,2.158611474,1.119111164,0.187804459,1.128054234,21.4,349,22.6,381,42019,391,723040,597736,82339,18816,8001,1321,14827,570274,485387,58691,12310,6382,1071,6433
Ohio 14th,Republican,92.00752216,3.577193647,1.707885769,1.836335012,0.110875792,0.760187619,33.5,134,33.4,200,64775,119,720673,653150,26962,16214,13900,746,9701,551969,507853,19745,9427,10136,612,4196
Ohio 15th,Republican,91.35666373,3.715359577,1.534519035,2.05495711,0.202132825,1.136367723,30.8,174,30,256,60009,158,722961,653667,26817,13392,14767,1442,12876,556070,508007,20660,8533,11427,1124,6319
Ohio 16th,Republican,94.04500371,1.701504685,1.477854689,1.884458306,0.124249998,0.766928612,32.3,151,31.8,229,61330,149,719950,669939,12795,13217,14055,887,9057,555332,522262,9449,8207,10465,690,4259
Ohio 1st,Republican,73.35844875,20.60829216,2.166621575,2.555397838,0.162329841,1.148909833,34.2,130,37.2,156,55059,209,720719,510134,158235,18661,18716,1089,13884,539642,395873,111211,11692,13790,876,6200
Ohio 2nd,Republican,88.1291456,8.003937411,1.339011776,1.216287292,0.225177512,1.086440406,30.5,179,31.2,240,52371,236,720903,626169,59936,11731,8810,1516,12741,547568,482567,43827,7332,6660,1233,5949
Ohio 3rd,Democratic,60.11770919,29.38848323,4.990884442,3.230844733,0.248741829,2.023336574,27.2,241,31.8,229,42601,376,715597,397475,228563,43044,21491,1630,23394,535897,322169,157492,26746,17314,1333,10843
Ohio 4th,Republican,90.61710462,5.004564573,2.469991822,0.743686894,0.193742785,0.97090931,17,410,16.6,431,50627,269,720629,641230,36317,22839,5472,1325,13446,546601,495314,27355,13501,4065,1059,5307
Ohio 5th,Republican,92.15163248,2.301707448,3.426541871,1.175235447,0.17685847,0.76802428,25.2,278,25.5,334,56098,200,720433,652709,17105,31502,8732,1232,9153,549592,506458,12650,18832,6459,972,4221
Ohio 6th,Republican,95.69095383,2.199128896,0.702474777,0.372338342,0.202284245,0.832819906,15.8,417,15.9,432,43964,363,721327,685944,15512,6202,2724,1377,9568,561586,537387,12350,3945,2091,1136,4677
Ohio 7th,Republican,93.34136478,3.579994344,1.411686494,0.569853414,0.201092326,0.896008639,19.5,384,19.9,413,51132,261,721122,663201,28240,12911,4175,1347,11248,544526,508268,19494,7687,3103,1095,4879
Ohio 8th,Republican,89.71148602,5.236663276,2.285005675,1.559206356,0.183891272,1.023747402,23.7,310,23.7,362,54069,219,721169,633207,40948,20858,11491,1247,13418,542712,486875,28420,12401,8462,998,5556
Ohio 9th,Democratic,75.38202646,14.20218239,7.482574232,1.301136117,0.243815845,1.388264959,21.6,344,24.2,356,41379,394,722432,513475,112303,67768,8957,1704,18225,552056,416151,78404,41308,7183,1346,7664
Oklahoma 1st,Republican,71.60344581,8.353750269,7.925711011,2.086646608,5.930403324,4.100042983,29.4,203,33,211,52054,244,749913,502866,67879,73712,16154,49094,40208,558360,399805,46644,44254,11651,33113,22893
Oklahoma 2nd,Republican,70.90352356,3.47278535,3.220171066,0.533962783,15.92104614,5.948511109,17.3,409,18.2,423,41197,396,750307,496312,25739,32195,4373,136384,55304,567268,402213,19700,18267,3029,90315,33744
Oklahoma 3rd,Republican,79.69881196,3.69970061,6.844349154,1.408788442,5.468356037,2.879993794,22.1,339,23.7,362,48571,305,750049,574367,26758,63049,10441,46265,29169,567154,452015,20983,38818,7990,31014,16334
Oklahoma 4th,Republican,76.78740778,6.208487361,5.840580909,2.26655711,5.2854662,3.61150064,24.1,300,24.9,344,51990,246,751309,551103,48601,54410,16271,43837,37087,568351,436422,35286,33195,12882,30040,20526
Oklahoma 5th,Republican,65.12312863,13.01092495,11.58197634,2.868422555,4.174635003,3.240912529,29.9,192,35.7,179,48426,307,749773,450733,103094,108641,20892,33153,33260,560552,365049,72933,64923,16079,23401,18167
Oregon 1st,Democratic,77.89592281,1.309124114,11.00560036,6.944381755,0.656037664,2.188933292,40.4,74,41.9,109,66349,103,763897,565900,10694,104801,53082,4973,24447,576034,448707,7541,63396,40002,3779,12609
Oregon 2nd,Republican,85.28741368,0.48625007,9.502836883,1.150706972,1.784783852,1.788008547,24,304,25.6,332,46793,334,765205,625841,3828,94603,8614,14507,17812,589203,502516,2865,55991,6780,10516,10535
Oregon 3rd,Democratic,76.85526845,4.712975333,8.402902279,6.567705773,0.767948457,2.693199708,39.9,80,43.5,97,58809,168,765961,558539,39511,82254,51504,5828,28325,604077,464265,28470,50760,39674,4639,16269
Oregon 4th,Democratic,88.28052145,0.587734686,5.183640597,2.266487548,1.131124342,2.550491382,25.9,266,25.9,326,44747,356,766771,659561,4904,51481,16819,9217,24789,613372,541488,3605,31795,13902,6938,15644
Oregon 5th,Democratic,81.77184737,0.767267822,11.65181678,2.86595582,1.029324581,1.913787622,29.9,192,32.5,219,58466,171,769240,596007,6047,116923,22114,8181,19968,581935,475859,4465,67806,16678,5990,11137
Pennsylvania 10th,Republican,92.53602207,2.93541226,2.851238848,0.751961186,0.168888712,0.756476927,21.3,351,21.2,402,53520,228,705327,644796,21702,23818,5414,1143,8454,553619,512297,16251,15785,4163,935,4188
Pennsylvania 11th,Republican,90.1706879,4.218720932,3.501230699,1.219965941,0.112873682,0.776520843,22.8,323,23.4,367,52367,237,706322,622796,31920,32000,9175,791,9640,559032,504083,23584,19573,6820,631,4341
Pennsylvania 12th,Republican,94.23470456,2.871905598,0.918809272,1.293351165,0.081461071,0.599768328,32.4,149,32.2,227,57186,183,705698,656932,21563,7890,10402,602,8309,558549,526347,16041,5132,7224,455,3350
Pennsylvania 13th,Democratic,65.99218504,15.54879005,8.748222824,8.082899835,0.144571293,1.483330967,34.3,126,39.5,134,57367,180,705642,439009,120799,72198,57780,1101,14755,542293,357871,84320,47441,43833,784,8044
Pennsylvania 14th,Democratic,75.26627712,18.86062359,1.589771074,2.685058476,0.155404198,1.442865542,32.9,144,34.4,191,43763,368,705526,504934,151511,13002,17727,1089,17263,576561,433956,108743,9166,15481,896,8319
Pennsylvania 15th,Republican,82.9802014,3.227858078,10.40938867,2.377592129,0.107772446,0.897187286,28.6,221,31.1,246,58867,167,705554,559313,25933,91664,17602,797,10245,545594,452735,17611,56793,12972,588,4895
Pennsylvania 16th,Republican,78.49612491,5.494453309,13.22258947,1.72631259,0.145315705,0.915204012,25.6,272,29,276,55802,202,705612,527104,40059,114018,12498,1010,10923,526440,413235,28925,69609,9088,765,4818
Pennsylvania 17th,Democratic,87.46465038,4.547281526,5.490298568,1.495453439,0.129592747,0.87272334,21.7,342,22.2,391,50329,275,705386,598290,35994,49022,10906,940,10234,554815,485267,25229,30461,8297,719,4842
Pennsylvania 18th,Republican,94.58359139,2.268512652,0.89312646,1.540839475,0.072999345,0.640930679,35.4,114,34.9,186,62254,136,705847,661140,16526,7617,11727,530,8307,560279,529932,12710,5004,8633,409,3591
Pennsylvania 1st,Democratic,46.90645764,31.65677437,13.21064524,6.452413428,0.187707929,1.586001392,26,263,36.5,166,45968,345,705688,294705,241500,108518,44758,1356,14851,535939,251390,169661,70801,34581,1006,8500
Pennsylvania 2nd,Democratic,31.9976521,55.99539755,4.80206213,5.120141305,0.254176135,1.830570783,35.6,112,70.4,7,40244,405,705689,201658,415882,38199,33031,1805,15114,557094,178257,311947,26752,28524,1416,10198
Pennsylvania 3rd,Republican,92.99327446,3.973768032,1.407209238,0.752866959,0.121653393,0.751227916,25.1,281,25.3,338,50231,276,705770,643914,31943,13262,5603,832,10216,549101,510627,21820,7727,4134,668,4125
Pennsylvania 4th,Republican,85.62028935,6.656364953,4.757958717,1.828952349,0.15415823,0.982276397,25.5,276,26.4,317,58510,170,705669,585038,51773,42341,13446,1052,12019,544246,465985,36227,25895,9954,839,5346
Pennsylvania 5th,Republican,93.79315214,2.257500882,1.500352983,1.63836922,0.124602894,0.686021885,23.8,309,23.6,364,48610,304,705715,661706,14428,10951,10781,853,6996,566600,531432,12791,8501,9283,706,3887
Pennsylvania 6th,Republican,87.84438047,3.859509835,3.924249282,3.456789665,0.09794392,0.81712683,42.5,55,42.2,105,80129,41,705799,606215,28546,33699,26634,677,10028,539084,473555,20806,21155,18635,528,4405
Pennsylvania 7th,Republican,88.22926004,4.707371845,2.37281557,3.820569454,0.09056548,0.779417609,42.4,56,42.5,102,84406,32,705677,614128,33645,19824,28353,639,9088,541045,477360,25469,12838,20671,490,4217
Pennsylvania 8th,Republican,88.40543408,3.058694819,3.545301173,3.981810279,0.118244239,0.890515412,39.1,84,39.1,138,80032,43,705689,612094,23508,29727,29433,846,10081,542944,479992,16607,19249,21619,642,4835
Pennsylvania 9th,Republican,94.60779297,2.715313947,1.353527628,0.515809109,0.123162217,0.684394126,18.4,398,18.2,423,47413,320,705769,660880,19859,11910,3733,846,8541,556989,526955,15124,7539,2873,686,3812
Rhode Island 1st,Democratic,75.73906848,5.794519818,11.87187056,2.955062116,0.317730373,3.321748656,32.7,145,36.1,171,51966,247,525933,377374,33572,75650,15533,1791,22013,412614,312510,23909,48985,12193,1311,13706
Rhode Island 2nd,Democratic,83.72969036,3.200984622,8.589004248,2.717327288,0.389906658,1.373086825,32.7,145,35,185,64118,121,526634,426311,17988,55005,14760,2229,10341,415997,348313,13316,35730,11304,1622,5712
South Carolina 1st,Republican,73.39150291,17.81770433,5.5102358,1.765411484,0.316419124,1.198726353,39.6,81,45.5,84,61907,139,650785,458423,124899,41893,11245,2070,12255,501866,368327,89421,27654,8860,1588,6016
South Carolina 2nd,Republican,70.54436219,21.7047382,4.559271119,1.685279711,0.36341011,1.142938668,33.5,134,36.4,167,56454,192,665499,451332,154392,34563,11108,2360,11744,504664,356012,109536,23009,8505,1834,5768
South Carolina 3rd,Republican,76.96011314,17.81109028,3.474895156,0.801733138,0.213704093,0.73846419,19.8,376,22.2,391,43034,372,660789,494909,122916,27845,5225,1367,8527,510519,392896,90929,17740,4093,1091,3770
South Carolina 4th,Republican,72.62596774,18.01341132,6.256289669,2.019469326,0.202066499,0.882795453,30.2,185,35.4,182,50015,281,661218,462755,124400,48816,13999,1306,9942,501815,364448,90394,31395,10134,1014,4430
South Carolina 5th,Republican,68.24072847,26.42601046,3.102955406,0.971016064,0.420365441,0.838924154,23.1,321,26.4,317,45802,346,660216,435695,180407,24958,6535,3008,9613,498138,339933,131638,15457,4837,2094,4179
South Carolina 6th,Democratic,39.12659346,54.36246954,4.144312081,1.084476548,0.356702492,0.925445878,19.2,390,27.4,304,34566,430,665721,239031,377877,31149,6676,2354,8634,514995,201500,279964,21343,5585,1837,4766
South Carolina 7th,Republican,66.80750176,27.49306386,3.427225562,0.827463038,0.61513805,0.829607735,20.6,362,24.4,353,41473,393,661136,420595,195107,26458,5632,4149,9195,512893,342651,141010,17578,4244,3155,4255
South Dakota At-Large,Republican,87.84493517,1.043045031,2.112750927,0.94196273,6.922501934,1.134804206,27.5,235,29.3,269,53017,231,814180,689502,9959,22119,7866,69476,15258,611383,537069,6377,12917,5759,42323,6938
Tennessee 1st,Republican,93.68025936,2.071754771,2.540103112,0.63206382,0.249522497,0.82629644,19.2,390,19.2,418,39081,411,706717,653702,15054,22775,4654,1684,8848,557064,521859,11541,14150,3521,1390,4603
Tennessee 2nd,Republican,88.90776973,5.698758838,2.76759951,1.365242356,0.255073265,1.005556304,29.9,192,30.5,249,49841,284,702769,613371,42845,23843,9890,1771,11049,549646,488678,31323,15212,7504,1402,5527
Tennessee 3rd,Republican,84.89818552,10.1256318,2.594814734,1.100687248,0.284898731,0.995781972,22.5,329,23.4,367,43526,370,705326,586894,75983,22228,7957,1929,10335,550020,466957,55693,14272,6054,1567,5477
Tennessee 4th,Republican,85.15254161,7.711061303,4.374863075,1.461845404,0.308959257,0.99072935,21.6,344,22.3,390,49312,293,706861,586940,56789,38525,10760,2088,11759,534051,454758,41181,23364,7807,1650,5291
Tennessee 5th,Democratic,65.03507242,23.11361197,7.503688226,2.730109632,0.259409774,1.358107972,36.4,105,42.6,101,51554,252,702181,429033,174518,63349,19481,1684,14116,547011,355749,126434,41046,14934,1419,7429
Tennessee 6th,Republican,91.53260922,3.771581674,2.871441965,0.71892591,0.290905587,0.814535644,21.6,344,21.4,400,47227,322,708141,638135,28183,25490,5357,1970,9006,539694,493996,20355,15497,3880,1570,4396
Tennessee 7th,Republican,84.3054367,9.388479498,3.324009565,1.504055935,0.327193431,1.150824876,28.4,224,29.1,272,53238,230,703960,581125,67578,28766,10908,2182,13401,522321,440345,49038,17362,7856,1709,6011
Tennessee 8th,Republican,76.69119896,18.58363084,2.198713415,1.535534923,0.231127554,0.759794311,28.5,223,30,256,55100,207,704834,526413,137108,18977,11644,1579,9113,533039,408794,99058,11720,8185,1232,4050
Tennessee 9th,Democratic,30.24428815,61.09717008,5.680530799,1.848980586,0.206086711,0.922943676,23.2,318,38.4,147,37388,419,705316,185169,451333,46106,12427,1415,8866,517258,156441,316030,29383,9564,1066,4774
Texas 10th,Republican,61.82387619,9.523039899,22.76750782,4.415808136,0.293086355,1.1766816,38.3,91,46.3,78,70494,82,689685,397326,67060,181716,30551,1905,11127,507359,313669,48316,115513,22404,1487,5970
Texas 11th,Republican,66.20757327,3.338466093,28.40172565,0.764514321,0.446494238,0.841226425,21,353,26.8,314,56334,195,716106,440232,24198,235860,5313,3058,7445,537073,355583,17930,152538,4106,2398,4518
Texas 12th,Republican,70.71944096,7.21092745,17.25982036,3.083013016,0.5095279,1.217270314,30.1,189,34,194,62274,135,692446,460918,52742,142814,20927,3373,11672,514594,363918,37107,88818,15865,2622,6264
Texas 13th,Republican,71.2114901,5.219373351,20.28220021,1.630837229,0.63077552,1.025323583,20.5,364,24.5,352,49281,294,697818,466233,36270,169542,11664,4324,9785,518568,369280,27066,105177,8457,3271,5317
Texas 14th,Republican,56.87963171,19.7580353,19.23245622,2.789993402,0.360048362,0.979835003,24.2,298,30.4,250,57520,177,699852,372487,141256,154676,19462,2350,9621,524374,298262,103606,100850,14630,1888,5138
Texas 15th,Democratic,19.37713219,1.68064883,77.28603,1.159053361,0.135172828,0.361962795,18.7,396,33,211,41993,392,693850,112499,10009,560294,7323,833,2892,466070,90311,7833,360207,5402,630,1687
Texas 16th,Democratic,17.11109023,3.045053805,77.53499146,1.359417258,0.263508379,0.685938866,24.3,294,42.7,99,45316,352,692582,102246,20224,554318,8258,1673,5863,489548,83767,14907,379571,6655,1290,3358
Texas 17th,Republican,62.1278855,12.42344592,19.8705965,4.170000523,0.286587053,1.121484495,30.7,176,36.4,167,51024,264,702420,404411,93389,163935,27921,1926,10838,534916,332332,66455,106291,22306,1533,5999
Texas 18th,Democratic,20.0369275,41.03015137,34.00316057,3.709609275,0.192153007,1.027998278,21,353,47.2,71,43100,371,678812,112335,275335,259219,22600,1192,8131,492316,98645,201998,167403,18263,946,5061
Texas 19th,Republican,62.15812402,5.741741833,29.44278962,1.381147471,0.390797184,0.885399871,20.5,364,27.7,298,47305,321,700602,402548,40888,237388,8923,2579,8276,524057,325744,30090,154297,7238,2048,4640
Texas 1st,Republican,68.28787117,17.21553252,12.34828688,0.905929739,0.379270859,0.863108836,20.3,368,25.1,341,46537,337,697653,449361,122388,108031,6394,2514,8965,523109,357220,90056,64595,4739,1984,4515
Texas 20th,Democratic,26.59027086,4.632837079,64.66395982,2.763286291,0.230936326,1.118709618,23.3,317,40.6,124,49404,292,690154,160686,30256,471362,17201,1408,9241,503169,133794,23311,325369,13904,1162,5629
Texas 21st,Republican,66.83667233,3.28047972,24.95916531,3.261219818,0.321121815,1.341341008,44.6,42,48.6,62,65254,114,681608,431913,23008,191587,21680,2061,11359,539982,360906,17714,134775,17610,1734,7243
Texas 22nd,Republican,48.19565565,11.93856466,22.1255057,16.08619891,0.228287861,1.425787219,44.7,40,47,75,95048,15,697318,315103,85562,170341,110977,1627,13708,494113,238141,58990,109325,79484,1128,7045
Texas 23rd,Republican,28.49352159,3.046125662,66.19038588,1.2765159,0.343591999,0.649858972,21.1,352,40,130,53917,221,708786,178386,19772,494151,8277,2448,5752,495646,141227,15098,328070,6327,1703,3221
Texas 24th,Republican,57.32675367,9.583307064,20.43898814,10.73398404,0.374261364,1.542705724,44.7,40,49.7,58,68161,93,692820,369026,67928,163450,75547,2548,14321,523431,300066,50162,106984,56185,1959,8075
Texas 25th,Republican,72.84626843,6.946715313,15.42125683,2.969706348,0.403629496,1.412423585,37,98,40.3,127,65706,110,720956,501121,51446,130598,20534,2860,14397,536383,390735,37261,82717,15929,2165,7576
Texas 26th,Republican,71.50014701,6.678306329,14.82929167,5.047948157,0.492973913,1.451332923,41.6,62,44.5,89,79738,45,697278,477663,47134,119418,35223,3420,14420,496578,355054,33163,73639,25067,2448,7207
Texas 27th,Republican,47.25256163,5.138226114,45.09019921,1.460386442,0.286587402,0.772039205,19.3,388,28.5,289,50764,266,704891,301421,36021,348745,9886,1862,6956,520958,246166,26768,234901,7608,1493,4022
Texas 28th,Democratic,21.1376643,4.146280108,72.86061673,1.098673039,0.163721359,0.593044463,18.4,398,27.3,306,45054,354,703920,125348,27911,537837,6738,979,5107,477030,100833,19779,347567,5241,781,2829
Texas 29th,Democratic,14.71088435,9.967687075,72.83056973,1.811011905,0.153486395,0.526360544,9.1,434,18.3,422,40871,399,696907,81252,67088,532612,10863,946,4146,470400,69200,46888,342595,8519,722,2476
Texas 2nd,Republican,54.31340673,9.153519242,27.75918609,7.314155171,0.251967681,1.207765084,40.1,75,49.7,58,74246,66,723642,362572,69835,226797,50935,1709,11794,535783,291002,49043,148729,39188,1350,6471
Texas 30th,Democratic,21.33365774,44.71704096,30.77101028,1.955395836,0.295353517,0.927541666,20,372,40.9,120,42439,380,707252,122052,312089,250571,12519,1874,8147,501433,106974,224226,154296,9805,1481,4651
Texas 31st,Republican,63.59576682,10.48469077,19.54860189,4.295491811,0.403626044,1.671822668,35.2,116,39.9,131,65377,113,697292,415111,75808,157062,29353,2626,17332,500711,318431,52498,97882,21508,2021,8371
Texas 32nd,Republican,57.72742452,11.38735409,21.93016743,7.31928991,0.349314653,1.2864494,43,52,54.2,36,66375,102,703008,372416,85748,180602,50022,2393,11827,527032,304242,60015,115579,38575,1841,6780
Texas 33rd,Democratic,19.8886461,16.88755358,59.68841919,2.424363392,0.315992941,0.795024792,10.4,432,22.4,388,39246,409,703224,110752,111975,456788,15121,1933,6655,475960,94662,80378,284093,11539,1504,3784
Texas 34th,Democratic,18.23771867,1.388725827,79.28337219,0.693943612,0.12495178,0.271287926,14.6,424,26.1,324,35642,423,694345,103425,7818,576009,4230,780,2083,476984,86991,6624,378169,3310,596,1294
Texas 35th,Democratic,29.82487626,9.556449722,57.65031947,1.63417554,0.272668501,1.061510506,18.9,395,34.5,189,43831,365,681404,174918,63659,423076,9492,1692,8567,490339,146243,46859,282682,8013,1337,5205
Texas 36th,Republican,69.18877929,8.957735173,18.32434164,2.154726622,0.455759316,0.918657961,18.2,401,20.1,411,56885,186,700735,459185,63876,151047,14623,3111,8893,518256,358575,46424,94967,11167,2362,4761
Texas 3rd,Republican,65.25820285,8.093746883,12.75895083,11.84900768,0.397526678,1.642565074,52.6,17,54.1,38,86565,26,701227,437406,58722,101226,84802,2789,16282,501350,327172,40578,63967,59405,1993,8235
Texas 4th,Republican,77.1073141,10.31864128,9.754790452,0.91922699,0.764343799,1.135683377,19.5,384,21.8,398,47850,314,704405,519963,74839,85956,6406,5385,11856,526203,405741,54297,51330,4837,4022,5976
Texas 5th,Republican,62.50074419,13.32728723,20.87591733,1.844391613,0.446511849,1.005147785,20,372,25.1,341,46900,331,687716,395476,94652,172350,12674,2883,9681,503906,314945,67157,105195,9294,2250,5065
Texas 6th,Republican,58.5255294,16.98452746,17.85584744,4.925322587,0.391973756,1.316799362,29.8,198,33.4,200,62290,133,694650,374470,125770,145387,33268,2590,13165,499013,292050,84755,89103,24578,1956,6571
Texas 7th,Republican,50.89255486,10.6871903,27.14367055,9.612854329,0.195823459,1.467906497,48.6,26,62.8,17,71337,79,699182,330675,77731,211163,65030,1331,13252,519856,264568,55558,141108,49973,1018,7631
Texas 8th,Republican,71.78241326,8.252806912,16.56788154,2.020976436,0.381584324,0.99433753,29.6,202,32.7,216,64196,120,694659,476580,56090,135278,14239,2551,9921,513910,368897,42412,85144,10386,1961,5110
Texas 9th,Democratic,13.88637438,38.24310468,33.98554846,12.48948578,0.154609031,1.240877667,25.1,281,46.3,78,43572,369,696349,79829,268321,259715,77370,1053,10061,499324,69338,190957,169698,62363,772,6196
Utah 1st,Republican,84.80278596,0.953609405,10.23258401,1.903796255,0.910613557,1.196610815,28.7,219,31.6,234,63334,125,692099,573688,6533,81381,11728,6139,12630,467487,396442,4458,47836,8900,4257,5594
Utah 2nd,Republican,80.85595988,1.001905249,12.53010458,3.507596252,0.880249744,1.22418429,31.2,164,34,194,55339,205,687939,537386,7660,100891,23309,6109,12584,484976,392132,4859,60768,17011,4269,5937
Utah 3rd,Republican,85.74679128,0.47151128,8.560942517,2.459106193,1.472893369,1.288755362,39.6,81,41.9,109,66007,109,694412,583303,3748,67323,15969,10614,13455,474644,406992,2238,40634,11672,6991,6117
Utah 4th,Republican,79.01247026,1.041765075,14.01101025,4.05670019,0.627163187,1.25089104,28.6,221,31.2,240,67632,94,689428,527335,8010,108745,27079,4219,14040,465748,367999,4852,65256,18894,2921,5826
Vermont At-Large,Democratic,95.17651277,0.773401436,1.274501116,1.207029897,0.326077324,1.242477463,36.9,100,37.1,157,56990,185,625741,590223,5943,9208,8015,2023,10329,496508,472559,3840,6328,5993,1619,6169
Virginia 10th,Republican,68.89323056,6.632043844,10.6176232,11.85206589,0.167628553,1.837407957,54.7,12,57,28,114793,2,729821,485656,47803,85608,87651,1255,21848,522584,360025,34658,55486,61937,876,9602
Virginia 11th,Democratic,53.06381568,11.5694154,15.45479055,17.31577759,0.179067175,2.417133614,54.7,12,65.5,11,105031,4,727683,364156,88029,123470,124987,1383,25658,548956,291297,63511,84840,95056,983,13269
Virginia 1st,Republican,72.57270249,15.88510457,6.735369758,2.838512758,0.383463394,1.584847029,,,,,,,729738,512126,117020,57806,20683,2700,19403,543207,394220,86289,36587,15419,2083,8609
Virginia 2nd,Republican,67.53822567,19.01214212,5.8036072,5.228463726,0.349537659,2.068023625,,,,,,,726772,471381,143930,48835,36696,2455,23475,561599,379294,106772,32593,29363,1963,11614
Virginia 3rd,Democratic,46.56133205,44.25939661,4.319166414,2.56342835,0.356333949,1.940342625,,,,,,,725881,314335,334899,35829,17338,2475,21005,551449,256762,244068,23818,14136,1965,10700
Virginia 4th,Democratic,52.0035483,40.29468642,3.884502794,2.002128981,0.396522665,1.41861084,,,,,,,726856,361079,302297,32388,13498,2767,14827,563650,293118,227121,21895,11285,2235,7996
Virginia 5th,Republican,74.60737496,19.96646953,2.628119978,1.59278416,0.214483559,0.990767806,26.5,253,30.3,252,50612,270,727430,531419,148300,22992,11196,1543,11980,574403,428547,114688,15096,9149,1232,5691
Virginia 6th,Republican,83.69346216,10.16170878,3.474940551,1.397972617,0.239542704,1.032373184,26.2,258,27.6,302,49220,296,727451,593604,78117,31032,10464,1695,12539,572758,479361,58202,19903,8007,1372,5913
Virginia 7th,Republican,71.57204751,17.47039577,5.276737396,4.136609786,0.243146481,1.301063055,,,,,,,726234,504560,128464,44586,30782,1757,16085,544939,390024,95203,28755,22542,1325,7090
Virginia 8th,Democratic,56.42350795,13.04341067,17.0412619,11.09155416,0.201058494,2.199206821,59.6,5,75.8,2,100644,8,725805,388871,98510,135375,79777,1464,21808,578936,326656,75513,98658,64213,1164,12732
Virginia 9th,Republican,91.31681445,4.956690934,1.577455349,1.195316534,0.166704852,0.787017881,20.7,359,20.5,406,42174,386,727353,659263,36335,13904,8287,1185,8379,584866,534081,28990,9226,6991,975,4603
Washington 10th,Democratic,73.80626149,5.53966949,7.684089709,8.058603694,1.196220705,3.715154909,26.3,256,28.7,283,56564,191,670187,467018,38279,65775,52709,8249,38157,503586,371678,27897,38696,40582,6024,18709
Washington 1st,Democratic,80.41529878,1.11958155,6.701931352,8.442452327,1.03942857,2.281307419,43.1,51,42.1,106,86349,27,674432,523434,7624,56464,56676,7369,22865,507779,408332,5685,34031,42869,5278,11584
Washington 2nd,Democratic,78.29446662,2.256455095,7.466358341,8.041976814,1.318246837,2.62249629,31,166,31.8,229,65000,117,670285,501575,16182,63509,53872,9426,25721,521526,408326,11768,38939,41941,6875,13677
Washington 3rd,Republican,86.23039229,1.270551579,5.914006271,3.421388347,0.964140798,2.199520712,24.3,294,25.2,340,57331,181,672909,560073,9267,52314,23188,6514,21553,503246,433951,6394,29762,17218,4852,11069
Washington 4th,Republican,64.1096237,0.935596079,29.50036893,1.645831137,2.329925161,1.478655002,20.6,362,27.1,309,52351,238,674022,385893,6091,243016,10191,16159,12672,474350,304104,4438,139935,7807,11052,7014
Washington 5th,Republican,87.85304772,1.408353416,4.407340323,2.542135478,1.5890985,2.20002456,28.2,227,28.8,282,47053,329,672569,576435,9749,37109,16753,11606,20917,521176,457869,7340,22970,13249,8282,11466
Washington 6th,Democratic,81.90433417,3.490285473,5.12333751,4.345495992,1.964417808,3.172129044,28.8,215,30,256,58410,172,671684,529097,24025,44157,28866,14196,31343,529928,434034,18496,27150,23028,10410,16810
Washington 7th,Democratic,74.94775478,3.995388984,6.276851921,10.85798848,0.688293181,3.233722653,59.4,7,63.4,16,80119,42,673562,488552,29478,49261,72209,4548,29514,565602,423906,22598,35502,61413,3893,18290
Washington 8th,Republican,79.45773109,2.18170519,7.733095443,7.294869996,0.945412265,2.387186015,33.3,138,33.6,199,77320,54,674421,511676,15920,65188,50319,6628,24690,498830,396359,10883,38575,36389,4716,11908
Washington 9th,Democratic,53.70550484,10.18595685,9.821855005,22.45307572,0.617213528,3.216394058,41.3,63,47.2,71,71947,74,670469,333051,72988,78997,149634,4040,31759,517163,277745,52678,50795,116119,3192,16634
West Virginia 1st,Republican,95.58134223,1.691989578,0.850138355,0.845893727,0.174838249,0.855797859,22.5,329,22.2,391,44180,361,619988,588766,10835,5981,5205,1051,8150,494743,472882,8371,4206,4185,865,4234
West Virginia 2nd,Republican,92.48681572,4.258585258,1.511962828,0.60123631,0.230054388,0.911345498,21.5,348,21.1,403,47045,330,616892,565040,26323,11409,3586,1313,9221,484668,448254,20640,7328,2914,1115,4417
West Virginia 3rd,Republican,93.72640976,3.930147172,0.664383491,0.623450886,0.189647548,0.865961145,14.5,425,14.2,434,35913,422,616114,572450,24964,4878,3881,1129,8812,486165,455665,19107,3230,3031,922,4210
Wisconsin 1st,Republican,85.74815236,4.736656128,6.885959418,1.484844009,0.294276564,0.850111522,26.9,245,28.5,289,62206,137,710691,585985,37287,63222,11134,2068,10995,534871,458642,25335,36831,7942,1574,4547
Wisconsin 2nd,Democratic,86.91564624,3.723406192,4.606741164,3.359840665,0.315502784,1.078862952,40,76,41.4,116,61224,151,710345,597245,31406,41439,24456,2376,13423,549282,477412,20452,25304,18455,1733,5926
Wisconsin 3rd,Democratic,94.56763811,0.924599698,1.634621463,1.667313892,0.566608567,0.639218272,24.5,291,24.9,344,51219,259,710632,662405,6845,14972,14277,4323,7810,553645,523569,5119,9050,9231,3137,3539
Wisconsin 4th,Democratic,51.47108176,30.42517409,12.90871857,3.153434876,0.557352167,1.484238546,27.2,241,40.2,128,40748,401,710923,315018,240943,110485,24210,3917,16350,524444,269937,159563,67699,16538,2923,7784
Wisconsin 5th,Republican,91.68745153,1.408748803,3.855676687,2.064498472,0.296674725,0.686949779,35.9,110,36,173,66777,101,711328,636934,11589,35609,16161,2234,8801,548075,502516,7721,21132,11315,1626,3765
Wisconsin 6th,Republican,92.98911475,1.549019928,2.793463405,1.651573978,0.438168984,0.578658956,24.6,289,25.1,341,56326,196,711209,647963,10776,27092,14832,3044,7502,550929,512304,8534,15390,9099,2414,3188
Wisconsin 7th,Republican,94.49570108,0.49957714,1.305476352,1.154781236,1.742218196,0.802245997,22.3,334,22.6,381,51863,248,711417,661125,4157,12549,10541,13985,9060,547463,517329,2735,7147,6322,9538,4392
Wisconsin 8th,Republican,91.3098917,0.940449344,3.205174606,1.653349666,2.129606429,0.761528253,25.7,271,26.3,319,56137,199,710441,631736,7895,30688,14006,16564,9552,538785,491964,5067,17269,8908,11474,4103
Wyoming At-Large,Republican,87.92828053,0.762451427,7.48907114,0.877344567,1.813069795,1.129782544,26.2,258,27.9,297,60214,157,563626,483874,4351,50231,4644,11784,8742,428224,376530,3265,32070,3757,7764,4838
